Delivery Week,Producer Code,Product ID,Product,Quantity,Cost,Price,Fulfilled
10/10/2022,PBY,3613,"Beets, Bulk",11,3100,3440,11
10/10/2022,CAL,3759,"Onions, Bulb",20,4625,5134,20
10/10/2022,KSL,3613,"Beets, Bulk",11,3100,3440,11
10/10/2022,MFP,3573,"Greens, Bok Choi",10,4625,5134,10
10/10/2022,SRF,3759,"Onions, Bulb",10,4625,5134,10
10/10/2022,NTN,3613,"Beets, Bulk",11,3100,3440,11
10/10/2022,YMF,3178,"Radishes, Purple Daikon",22,3900,4329,22
10/10/2022,YMF,3132,"Carrots, Rainbow",22,3675,4079,22
10/10/2022,KHF,3759,"Onions, Bulb",10,4625,5134,0
10/10/2022,PBY,3573,"Greens, Bok Choi",10,4625,5134,0
10/10/2022,MFP,3573,"Greens, Bok Choi",10,4625,5134,10
10/10/2022,PZM,3573,"Greens, Bok Choi",18,4625,5134,0
10/10/2022,PBY,3573,"Greens, Bok Choi",10,4625,5134,0
10/10/2022,PZM,3573,"Greens, Bok Choi",10,4625,5134,0
10/10/2022,RSV,3755,"Carrots, Orange",22,3675,4079,22
10/10/2022,MFP,3573,"Greens, Bok Choi",10,4625,5134,10
10/10/2022,YMF,3178,"Radishes, Purple Daikon",22,3900,4329,22
10/10/2022,SRF,3759,"Onions, Bulb",20,4625,5134,20
10/10/2022,CLP,3613,"Beets, Bulk",11,3100,3440,11
10/10/2022,PBY,3573,"Greens, Bok Choi",10,4625,5134,0
10/10/2022,TEB,3573,"Greens, Bok Choi",10,4625,5134,10
10/10/2022,HAF,3178,"Radishes, Purple Daikon",22,3900,4329,0
10/10/2022,KAL,3132,"Carrots, Rainbow",22,3675,4079,0
10/10/2022,TEB,3573,"Greens, Bok Choi",10,4625,5134,10
10/10/2022,MFP,3759,"Onions, Bulb",10,4625,5134,10
10/10/2022,PBY,3613,"Beets, Bulk",11,3100,3440,11
10/10/2022,AGF,3759,"Onions, Bulb",20,4625,5134,13
10/10/2022,YMF,3613,"Beets, Bulk",11,3100,3440,11
10/10/2022,PBY,3573,"Greens, Bok Choi",10,4625,5134,0
10/10/2022,MLG,3759,"Onions, Bulb",10,4625,5134,10
10/10/2022,PBY,3573,"Greens, Bok Choi",10,4625,5134,0
10/17/2022,NTN,3755,"Carrots, Orange",22,3675,4079,0
10/17/2022,CLP,3613,"Beets, Bulk",11,3100,3440,11
10/17/2022,MLG,3755,"Carrots, Orange",22,3675,4079,0
10/17/2022,PBY,3613,"Beets, Bulk",11,3100,3440,11
10/17/2022,YMF,3178,"Radishes, Purple Daikon",22,3900,4329,0
10/17/2022,YMF,3178,"Radishes, Purple Daikon",22,3900,4329,0
10/17/2022,CMU,3132,"Carrots, Rainbow",11,3675,4079,11
10/17/2022,KSL,3613,"Beets, Bulk",11,3100,3440,0
10/17/2022,NTN,3613,"Beets, Bulk",11,3100,3440,11
10/17/2022,YMF,3132,"Carrots, Rainbow",33,3675,4079,22
10/17/2022,NTN,3132,"Carrots, Rainbow",22,3675,4079,0
10/17/2022,PBY,3613,"Beets, Bulk",11,3100,3440,11
10/17/2022,CMU,3755,"Carrots, Orange",11,3675,4079,0
10/17/2022,YMF,3613,"Beets, Bulk",11,3100,3440,11
10/17/2022,HAF,3178,"Radishes, Purple Daikon",22,3900,4329,0
10/17/2022,YMF,3755,"Carrots, Orange",11,3675,4079,0
10/24/2022,PBY,3613,"Beets, Bulk",11,3100,3440,0
10/24/2022,PBY,3613,"Beets, Bulk",11,3100,3440,0
10/24/2022,NTN,3613,"Beets, Bulk",11,3100,3440,0
10/24/2022,RSV,3755,"Carrots, Orange",11,3675,4079,0
10/24/2022,NTN,3132,"Carrots, Rainbow",11,3675,4079,0
10/24/2022,YMF,3178,"Radishes, Purple Daikon",22,3900,4329,0
10/24/2022,YMF,3613,"Beets, Bulk",11,3100,3440,0
10/24/2022,YMF,3178,"Radishes, Purple Daikon",22,3900,4329,0
10/24/2022,KSL,3613,"Beets, Bulk",11,3100,3440,0
10/24/2022,CLP,3613,"Beets, Bulk",11,3100,3440,0
10/24/2022,CMU,3132,"Carrots, Rainbow",11,3675,4079,0
10/24/2022,YMF,3132,"Carrots, Rainbow",33,3675,4079,0
10/24/2022,HAF,3178,"Radishes, Purple Daikon",22,3900,4329,0
10/3/2022,CMU,3132,"Carrots, Rainbow",11,3675,4079,11
10/3/2022,JWI,3278,"Radishes, bunched-24 ct",10,4350,4829,10
10/3/2022,CHO,3278,"Radishes, bunched-24 ct",20,4350,4829,0
10/3/2022,NTN,3613,"Beets, Bulk",11,3100,3440,11
10/3/2022,MLG,3759,"Onions, Bulb",10,4625,5134,0
10/3/2022,KAL,3132,"Carrots, Rainbow",22,3675,4079,0
10/3/2022,YMF,3132,"Carrots, Rainbow",11,3675,4079,0
10/3/2022,AGF,3189,"Squash, Winter, Delicata",90,4075,4523,45
10/3/2022,MLG,3364,"Greens, Mustard-24 ct",10,4275,4745,0
10/3/2022,CLP,3613,"Beets, Bulk",11,3100,3440,11
10/3/2022,LOF,3364,"Greens, Mustard-24 ct",5,4275,4745,5
10/3/2022,SRF,3759,"Onions, Bulb",10,4625,5134,10
10/3/2022,AGF,3759,"Onions, Bulb",20,4625,5134,0
10/3/2022,BXF,3364,"Greens, Mustard-24 ct",5,4275,4745,0
10/3/2022,RSV,3755,"Carrots, Orange",22,3675,4079,0
10/3/2022,MFP,3364,"Greens, Mustard-24 ct",5,4275,4745,0
10/3/2022,CAL,3759,"Onions, Bulb",20,4625,5134,19
10/3/2022,D2D,3278,"Radishes, bunched-24 ct",10,4350,4829,0
10/3/2022,KHF,3759,"Onions, Bulb",10,4625,5134,0
10/3/2022,CAL,3189,"Squash, Winter, Delicata",60,4075,4523,60
10/3/2022,PLT,3364,"Greens, Mustard-24 ct",5,4275,4745,0
10/3/2022,MHA,3364,"Greens, Mustard-24 ct",5,4275,4745,5
10/3/2022,MFP,3759,"Onions, Bulb",10,4625,5134,0
10/3/2022,KSL,3613,"Beets, Bulk",11,3100,3440,0
10/3/2022,KSL,3364,"Greens, Mustard-24 ct",10,4275,4745,0
10/3/2022,MMO,3364,"Greens, Mustard-24 ct",5,4275,4745,5
10/3/2022,SRF,3759,"Onions, Bulb",20,4625,5134,10
10/3/2022,PBY,3613,"Beets, Bulk",11,3100,3440,11
10/3/2022,PBY,3613,"Beets, Bulk",11,3100,3440,11
10/3/2022,YMF,3613,"Beets, Bulk",11,3100,3440,11
10/31/2022,D2D,9997,"Radishes, Watermelon",22,3650,4052,0
10/31/2022,D2D,9997,"Radishes, Watermelon",22,3650,4052,0
10/31/2022,D2D,9997,"Radishes, Watermelon",22,3650,4052,0
11/7/2022,YMF,3755,"Carrots, Orange",11,3675,4079,0
11/7/2022,CMU,3755,"Carrots, Orange",11,3675,4079,0
11/7/2022,NTN,3755,"Carrots, Orange",22,3675,4079,0
11/7/2022,MLG,3755,"Carrots, Orange",22,3675,4079,0
6/13/2022,JWI,3278,"Radishes, bunched-24 ct",15,4350,4829,0
6/13/2022,TEB,3266,"Onions, Green or Scallions-24 ct",12,3375,3746,0
6/13/2022,CMU,3266,"Onions, Green or Scallions-24 ct",12,3375,3746,12
6/13/2022,CBS,3278,"Radishes, bunched-24 ct",15,4350,4829,0
6/13/2022,CMA,3266,"Onions, Green or Scallions-24 ct",5,3375,3746,0
6/13/2022,YMF,3806,"Greens, Lettuce, Head-24 ct green",10,4275,4745,0
6/13/2022,KHF,3806,"Greens, Lettuce, Head-24 ct green",10,4275,4745,10
6/13/2022,ONC,3266,"Onions, Green or Scallions-24 ct",5,3375,3746,0
6/13/2022,YMF,3266,"Onions, Green or Scallions-24 ct",10,3375,3746,0
6/13/2022,KHF,3806,"Greens, Lettuce, Head-24 ct green",5,4275,4745,5
6/13/2022,CVP,3266,"Onions, Green or Scallions-24 ct",12,3375,3746,12
6/13/2022,CHO,3278,"Radishes, bunched-24 ct",20,4350,4829,0
6/20/2022,CBO,3278,"Radishes, bunched-24 ct",5,4350,4829,5
6/20/2022,JWI,3278,"Radishes, bunched-24 ct",5,4350,4829,0
6/20/2022,TEB,3266,"Onions, Green or Scallions-24 ct",12,3375,3746,0
6/20/2022,CMA,3266,"Onions, Green or Scallions-24 ct",5,3375,3746,0
6/20/2022,YMF,3266,"Onions, Green or Scallions-24 ct",10,3375,3746,10
6/20/2022,YMF,3806,"Greens, Lettuce, Head-24 ct green",10,4275,4745,10
6/20/2022,KHF,3806,"Greens, Lettuce, Head-24 ct green",10,4275,4745,10
6/20/2022,KHF,3806,"Greens, Lettuce, Head-24 ct green",5,4275,4745,5
6/20/2022,ONC,3266,"Onions, Green or Scallions-24 ct",5,3375,3746,0
6/20/2022,CMA,3278,"Radishes, bunched-24 ct",5,4350,4829,5
6/20/2022,CMU,3266,"Onions, Green or Scallions-24 ct",12,3375,3746,12
6/20/2022,CVP,3266,"Onions, Green or Scallions-24 ct",12,3375,3746,12
6/20/2022,CHO,3278,"Radishes, bunched-24 ct",20,4350,4829,0
6/20/2022,CBS,3278,"Radishes, bunched-24 ct",15,4350,4829,0
6/27/2022,CMU,3266,"Onions, Green or Scallions-24 ct",12,3375,3746,12
6/27/2022,CVP,3266,"Onions, Green or Scallions-24 ct",12,3375,3746,12
6/27/2022,YMF,3806,"Greens, Lettuce, Head-24 ct green",10,4275,4745,0
6/27/2022,KHF,3806,"Greens, Lettuce, Head-24 ct green",5,4275,4745,0
6/27/2022,KHF,3806,"Greens, Lettuce, Head-24 ct green",10,4275,4745,0
6/27/2022,CBS,3278,"Radishes, bunched-24 ct",10,4350,4829,5
6/27/2022,YMF,3266,"Onions, Green or Scallions-24 ct",10,3375,3746,10
6/27/2022,CHO,3278,"Radishes, bunched-24 ct",20,4350,4829,0
6/27/2022,JWI,3278,"Radishes, bunched-24 ct",10,4350,4829,0
6/27/2022,CMA,3266,"Onions, Green or Scallions-24 ct",5,3375,3746,0
6/27/2022,D2D,3278,"Radishes, bunched-24 ct",10,4350,4829,10
6/27/2022,TEB,3266,"Onions, Green or Scallions-24 ct",12,3375,3746,12
6/27/2022,ONC,3266,"Onions, Green or Scallions-24 ct",5,3375,3746,0
6/6/2022,CMA,3266,"Onions, Green or Scallions-24 ct",5,3375,3746,0
6/6/2022,JWI,3278,"Radishes, bunched-24 ct",10,4350,4829,0
6/6/2022,YMF,3806,"Greens, Lettuce, Head-24 ct green",10,4275,4745,0
6/6/2022,ONC,3266,"Onions, Green or Scallions-24 ct",5,3375,3746,0
6/6/2022,CHO,3278,"Radishes, bunched-24 ct",20,4350,4829,0
6/6/2022,CVP,3266,"Onions, Green or Scallions-24 ct",12,3375,3746,0
6/6/2022,TEB,3266,"Onions, Green or Scallions-24 ct",12,3375,3746,0
6/6/2022,KHF,3806,"Greens, Lettuce, Head-24 ct green",10,4275,4745,0
6/6/2022,CMU,3266,"Onions, Green or Scallions-24 ct",12,3375,3746,0
6/6/2022,KHF,3806,"Greens, Lettuce, Head-24 ct green",5,4275,4745,0
6/6/2022,CBS,3278,"Radishes, bunched-24 ct",20,4350,4829,0
6/6/2022,YMF,3266,"Onions, Green or Scallions-24 ct",10,3375,3746,0
7/11/2022,CHO,3362,"Cucumbers, Pickling",11,2400,2664,0
7/11/2022,MHG,3362,"Cucumbers, Pickling",11,2400,2664,0
7/11/2022,LDX,3754,"Cabbage, Red",5,4075,4523,0
7/11/2022,AFC,3138,"Greens, Collard-24 ct",8,4275,4745,8
7/11/2022,KHF,3806,"Greens, Lettuce, Head-24 ct green",10,4275,4745,0
7/11/2022,CMA,3754,"Cabbage, Red",5,4075,4523,0
7/11/2022,KSL,3362,"Cucumbers, Pickling",11,2400,2664,0
7/11/2022,D2D,3278,"Radishes, bunched-24 ct",10,4350,4829,10
7/11/2022,KHF,3806,"Greens, Lettuce, Head-24 ct green",5,4275,4745,0
7/11/2022,YMF,3362,"Cucumbers, Pickling",11,2400,2664,0
7/11/2022,ONC,3754,"Cabbage, Red",5,4075,4523,0
7/11/2022,CHO,3278,"Radishes, bunched-24 ct",20,4350,4829,20
7/11/2022,D2D,3182,"Squash, Summer, Patty Pan",18,2400,2664,0
7/11/2022,YMF,3754,"Cabbage, Red",5,4075,4523,0
7/11/2022,CHO,3182,"Squash, Summer, Patty Pan",22,2400,2664,0
7/11/2022,HAF,3362,"Cucumbers, Pickling",11,2400,2664,0
7/11/2022,SXF,3362,"Cucumbers, Pickling",11,2400,2664,0
7/11/2022,JWI,3278,"Radishes, bunched-24 ct",10,4350,4829,0
7/11/2022,CLP,3182,"Squash, Summer, Patty Pan",18,2400,2664,0
7/11/2022,YMF,3806,"Greens, Lettuce, Head-24 ct green",10,4275,4745,10
7/18/2022,LDX,3754,"Cabbage, Red",5,4075,4523,0
7/18/2022,HOP,3362,"Cucumbers, Pickling",11,2400,2664,0
7/18/2022,MLG,3809,"Beans, Green, Yellow or Purple",5,7100,7881,0
7/18/2022,LOF,3362,"Cucumbers, Pickling",11,2400,2664,0
7/18/2022,CMA,3813,"Greens, Kale-24 ct",5,4275,4745,5
7/18/2022,NTN,3809,"Beans, Green, Yellow or Purple",15,7100,7881,0
7/18/2022,CLP,3182,"Squash, Summer, Patty Pan",18,2400,2664,0
7/18/2022,AFC,3138,"Greens, Collard-24 ct",8,4275,4745,0
7/18/2022,JWI,3813,"Greens, Kale-24 ct",5,4275,4745,5
7/18/2022,PBY,3809,"Beans, Green, Yellow or Purple",10,7100,7881,4
7/18/2022,MHA,3362,"Cucumbers, Pickling",11,2400,2664,0
7/18/2022,CHO,3278,"Radishes, bunched-24 ct",20,4350,4829,20
7/18/2022,CMA,3754,"Cabbage, Red",5,4075,4523,0
7/18/2022,RSV,3809,"Beans, Green, Yellow or Purple",6,7100,7881,0
7/18/2022,CLP,3362,"Cucumbers, Pickling",11,2400,2664,0
7/18/2022,NTN,3813,"Greens, Kale-24 ct",10,4275,4745,10
7/18/2022,YMF,3754,"Cabbage, Red",5,4075,4523,0
7/18/2022,D2D,3182,"Squash, Summer, Patty Pan",18,2400,2664,0
7/18/2022,TXI,3362,"Cucumbers, Pickling",11,2400,2664,0
7/18/2022,CHO,3182,"Squash, Summer, Patty Pan",22,2400,2664,0
7/18/2022,ONC,3754,"Cabbage, Red",5,4075,4523,0
7/18/2022,JWI,3278,"Radishes, bunched-24 ct",10,4350,4829,0
7/18/2022,D2D,3278,"Radishes, bunched-24 ct",10,4350,4829,10
7/18/2022,JWI,3809,"Beans, Green, Yellow or Purple",7,7100,7881,0
7/18/2022,RSV,3362,"Cucumbers, Pickling",11,2400,2664,11
7/18/2022,D2D,3813,"Greens, Kale-24 ct",5,4275,4745,5
7/25/2022,D2D,3182,"Squash, Summer, Patty Pan",18,2400,2664,17
7/25/2022,MLG,3809,"Beans, Green, Yellow or Purple",10,7100,7881,10
7/25/2022,AFC,3138,"Greens, Collard-24 ct",8,4275,4745,8
7/25/2022,CMA,3138,"Greens, Collard-24 ct",5,4275,4745,5
7/25/2022,SXF,3362,"Cucumbers, Pickling",11,2400,2664,11
7/25/2022,CMU,3138,"Greens, Collard-24 ct",10,4275,4745,10
7/25/2022,LOF,3813,"Greens, Kale-24 ct",5,4275,4745,5
7/25/2022,JWI,3138,"Greens, Collard-24 ct",5,4275,4745,5
7/25/2022,CLP,3813,"Greens, Kale-24 ct",10,4275,4745,10
7/25/2022,LVO,3138,"Greens, Collard-24 ct",5,4275,4745,1
7/25/2022,CLP,3826,"Greens, Sweet Potato Leaves-12 ct",10,3525,3913,10
7/25/2022,CHO,3362,"Cucumbers, Pickling",11,2400,2664,0
7/25/2022,CLP,3182,"Squash, Summer, Patty Pan",18,2400,2664,13
7/25/2022,CBO,3278,"Radishes, bunched-24 ct",10,4350,4829,0
7/25/2022,YMF,3099,Beets w/greens,20,4325,4801,18
7/25/2022,HOP,3099,Beets w/greens,20,4325,4801,0
7/25/2022,CHO,3182,"Squash, Summer, Patty Pan",22,2400,2664,0
7/25/2022,CHO,3278,"Radishes, bunched-24 ct",20,4350,4829,20
7/25/2022,ONC,3809,"Beans, Green, Yellow or Purple",10,7100,7881,4
7/25/2022,YMF,3362,"Cucumbers, Pickling",11,2400,2664,11
7/25/2022,NTN,3809,"Beans, Green, Yellow or Purple",15,7100,7881,15
7/25/2022,CHO,3278,"Radishes, bunched-24 ct",20,4350,4829,20
7/25/2022,D2D,3138,"Greens, Collard-24 ct",10,4275,4745,10
7/25/2022,YMF,3809,"Beans, Green, Yellow or Purple",10,7100,7881,10
7/25/2022,MMO,3669,"Greens, Chard-24 ct",15,4275,4745,15
7/25/2022,HAF,3362,"Cucumbers, Pickling",11,2400,2664,0
7/25/2022,CMA,3278,"Radishes, bunched-24 ct",10,4350,4829,0
7/25/2022,LVO,3669,"Greens, Chard-24 ct",5,4275,4745,0
7/25/2022,TXI,3826,"Greens, Sweet Potato Leaves-12 ct",10,3525,3913,10
7/25/2022,MLG,3826,"Greens, Sweet Potato Leaves-12 ct",10,3525,3913,10
7/25/2022,D2D,3278,"Radishes, bunched-24 ct",10,4350,4829,10
7/25/2022,CVP,3826,"Greens, Sweet Potato Leaves-12 ct",10,3525,3913,10
7/25/2022,RSV,3809,"Beans, Green, Yellow or Purple",10,7100,7881,0
7/25/2022,MHG,3362,"Cucumbers, Pickling",11,2400,2664,0
7/25/2022,KSL,3362,"Cucumbers, Pickling",11,2400,2664,11
7/25/2022,TEB,3099,Beets w/greens,10,4325,4801,10
7/25/2022,CBO,3669,"Greens, Chard-24 ct",5,4275,4745,5
7/25/2022,ONC,3669,"Greens, Chard-24 ct",5,4275,4745,4
7/25/2022,BXF,3669,"Greens, Chard-24 ct",15,4275,4745,0
7/25/2022,LEE,3809,"Beans, Green, Yellow or Purple",10,7100,7881,0
7/25/2022,BXF,3138,"Greens, Collard-24 ct",10,4275,4745,0
7/25/2022,JWI,3278,"Radishes, bunched-24 ct",10,4350,4829,0
7/25/2022,PBY,3809,"Beans, Green, Yellow or Purple",10,7100,7881,10
7/25/2022,D2D,3809,"Beans, Green, Yellow or Purple",10,7100,7881,0
7/25/2022,CMA,3669,"Greens, Chard-24 ct",5,4275,4745,4
7/25/2022,CBO,3813,"Greens, Kale-24 ct",5,4275,4745,5
7/25/2022,CBO,3138,"Greens, Collard-24 ct",5,4275,4745,3
7/25/2022,HAF,3809,"Beans, Green, Yellow or Purple",5,7100,7881,5
7/25/2022,SXF,3826,"Greens, Sweet Potato Leaves-12 ct",50,3525,3913,50
7/25/2022,MMO,3813,"Greens, Kale-24 ct",5,4275,4745,5
7/25/2022,BXF,3826,"Greens, Sweet Potato Leaves-12 ct",10,3525,3913,0
7/25/2022,CHO,3809,"Beans, Green, Yellow or Purple",10,7100,7881,0
7/4/2022,AFC,3138,"Greens, Collard-24 ct",8,4275,4745,0
7/4/2022,CHO,3278,"Radishes, bunched-24 ct",20,4350,4829,0
7/4/2022,TEB,3573,"Greens, Bok Choi",10,4625,5134,0
7/4/2022,KHF,3806,"Greens, Lettuce, Head-24 ct green",5,4275,4745,0
7/4/2022,CMU,3266,"Onions, Green or Scallions-24 ct",12,3375,3746,10
7/4/2022,KHF,3806,"Greens, Lettuce, Head-24 ct green",10,4275,4745,0
7/4/2022,YMF,3806,"Greens, Lettuce, Head-24 ct green",10,4275,4745,6
7/4/2022,CMA,3266,"Onions, Green or Scallions-24 ct",5,3375,3746,0
7/4/2022,CVP,3266,"Onions, Green or Scallions-24 ct",12,3375,3746,12
7/4/2022,YMF,3266,"Onions, Green or Scallions-24 ct",10,3375,3746,10
7/4/2022,PBY,3573,"Greens, Bok Choi",10,4625,5134,0
7/4/2022,MFP,3573,"Greens, Bok Choi",10,4625,5134,0
7/4/2022,PBY,3573,"Greens, Bok Choi",10,4625,5134,0
7/4/2022,CHO,3182,"Squash, Summer, Patty Pan",22,2400,2664,0
7/4/2022,JWI,3278,"Radishes, bunched-24 ct",10,4350,4829,0
7/4/2022,D2D,3278,"Radishes, bunched-24 ct",10,4350,4829,10
7/4/2022,D2D,3182,"Squash, Summer, Patty Pan",18,2400,2664,0
7/4/2022,CLP,3182,"Squash, Summer, Patty Pan",18,2400,2664,0
7/4/2022,TEB,3266,"Onions, Green or Scallions-24 ct",12,3375,3746,0
7/4/2022,CBS,3278,"Radishes, bunched-24 ct",10,4350,4829,0
7/4/2022,ONC,3266,"Onions, Green or Scallions-24 ct",5,3375,3746,0
7/4/2022,TEB,3573,"Greens, Bok Choi",10,4625,5134,0
8/1/2022,BXF,3669,"Greens, Chard-24 ct",15,4275,4745,0
8/1/2022,CMA,3138,"Greens, Collard-24 ct",5,4275,4745,5
8/1/2022,HAF,3809,"Beans, Green, Yellow or Purple",5,7100,7881,5
8/1/2022,NTN,3809,"Beans, Green, Yellow or Purple",15,7100,7881,15
8/1/2022,CMU,3138,"Greens, Collard-24 ct",10,4275,4745,10
8/1/2022,BXF,3826,"Greens, Sweet Potato Leaves-12 ct",10,3525,3913,10
8/1/2022,CHO,3809,"Beans, Green, Yellow or Purple",10,7100,7881,0
8/1/2022,JWI,3138,"Greens, Collard-24 ct",5,4275,4745,5
8/1/2022,AFC,3138,"Greens, Collard-24 ct",8,4275,4745,8
8/1/2022,SRF,3809,"Beans, Green, Yellow or Purple",15,7100,7881,0
8/1/2022,CMA,3669,"Greens, Chard-24 ct",5,4275,4745,0
8/1/2022,CMA,3754,"Cabbage, Red",5,4075,4523,0
8/1/2022,SXF,3826,"Greens, Sweet Potato Leaves-12 ct",50,3525,3913,50
8/1/2022,CMA,3754,"Cabbage, Red",5,4075,4523,0
8/1/2022,YMF,3754,"Cabbage, Red",5,4075,4523,0
8/1/2022,PBY,3809,"Beans, Green, Yellow or Purple",10,7100,7881,10
8/1/2022,CBS,3404,Tomatillos,20,3275,3635,0
8/1/2022,LVO,3669,"Greens, Chard-24 ct",5,4275,4745,0
8/1/2022,MHA,3362,"Cucumbers, Pickling",11,2400,2664,6
8/1/2022,CBS,3404,Tomatillos,66,3275,3635,0
8/1/2022,CLP,3362,"Cucumbers, Pickling",11,2400,2664,0
8/1/2022,TXI,3826,"Greens, Sweet Potato Leaves-12 ct",10,3525,3913,10
8/1/2022,LOF,3362,"Cucumbers, Pickling",11,2400,2664,11
8/1/2022,RSV,3362,"Cucumbers, Pickling",11,2400,2664,0
8/1/2022,AGF,3404,Tomatillos,46,3275,3635,12
8/1/2022,RSV,3809,"Beans, Green, Yellow or Purple",5,7100,7881,0
8/1/2022,TXI,3362,"Cucumbers, Pickling",11,2400,2664,11
8/1/2022,LVO,3138,"Greens, Collard-24 ct",5,4275,4745,0
8/1/2022,CBO,3138,"Greens, Collard-24 ct",5,4275,4745,0
8/1/2022,D2D,3182,"Squash, Summer, Patty Pan",18,2400,2664,3
8/1/2022,YMF,3809,"Beans, Green, Yellow or Purple",10,7100,7881,10
8/1/2022,ONC,3669,"Greens, Chard-24 ct",5,4275,4745,0
8/1/2022,D2D,3809,"Beans, Green, Yellow or Purple",10,7100,7881,0
8/1/2022,LEE,3809,"Beans, Green, Yellow or Purple",10,7100,7881,10
8/1/2022,BXF,3138,"Greens, Collard-24 ct",10,4275,4745,0
8/1/2022,CLP,3182,"Squash, Summer, Patty Pan",18,2400,2664,15
8/1/2022,MMO,3669,"Greens, Chard-24 ct",15,4275,4745,11
8/1/2022,CBO,3669,"Greens, Chard-24 ct",5,4275,4745,5
8/1/2022,ONC,3754,"Cabbage, Red",5,4075,4523,5
8/1/2022,ONC,3754,"Cabbage, Red",5,4075,4523,5
8/1/2022,CVP,3826,"Greens, Sweet Potato Leaves-12 ct",10,3525,3913,0
8/1/2022,MLG,3809,"Beans, Green, Yellow or Purple",10,7100,7881,5
8/1/2022,HOP,3362,"Cucumbers, Pickling",11,2400,2664,0
8/1/2022,CLP,3826,"Greens, Sweet Potato Leaves-12 ct",10,3525,3913,0
8/1/2022,MLG,3826,"Greens, Sweet Potato Leaves-12 ct",10,3525,3913,10
8/1/2022,CHO,3182,"Squash, Summer, Patty Pan",22,2400,2664,0
8/1/2022,D2D,3138,"Greens, Collard-24 ct",10,4275,4745,10
8/1/2022,LDX,3754,"Cabbage, Red",5,4075,4523,5
8/15/2022,CMU,3138,"Greens, Collard-24 ct",10,4275,4745,10
8/15/2022,SXF,3826,"Greens, Sweet Potato Leaves-12 ct",50,3525,3913,50
8/15/2022,CLP,3702,"Greens, Malabar Spinach-12 ct",12,3650,4052,0
8/15/2022,CLP,3826,"Greens, Sweet Potato Leaves-12 ct",10,3525,3913,10
8/15/2022,CLP,3717,"Eggplant, Globe",15,3700,4107,2
8/15/2022,AFC,3138,"Greens, Collard-24 ct",8,4275,4745,8
8/15/2022,CBS,3404,Tomatillos,66,3275,3635,66
8/15/2022,CMA,3138,"Greens, Collard-24 ct",5,4275,4745,4
8/15/2022,DTF,3202,"Tomatoes, Slicing",36,4600,5106,36
8/15/2022,CTH,3202,"Tomatoes, Slicing",15,4600,5106,0
8/15/2022,CLP,3362,"Cucumbers, Pickling",11,2400,2664,7
8/15/2022,CHO,3854,"Greens, Pumpkin Vine-12 ct",12,3650,4052,0
8/15/2022,PBY,3089,"Melon, Watermelon",10,3075,3413,0
8/15/2022,BXF,3364,"Greens, Mustard-24 ct",5,4275,4745,0
8/15/2022,CVP,3826,"Greens, Sweet Potato Leaves-12 ct",10,3525,3913,10
8/15/2022,MLG,3364,"Greens, Mustard-24 ct",10,4275,4745,0
8/15/2022,MLG,3826,"Greens, Sweet Potato Leaves-12 ct",10,3525,3913,10
8/15/2022,PLT,3702,"Greens, Malabar Spinach-12 ct",12,3650,4052,12
8/15/2022,CLP,3182,"Squash, Summer, Patty Pan",18,2400,2664,18
8/15/2022,PLT,3854,"Greens, Pumpkin Vine-12 ct",12,3650,4052,12
8/15/2022,BXF,3826,"Greens, Sweet Potato Leaves-12 ct",10,3525,3913,10
8/15/2022,JWI,3138,"Greens, Collard-24 ct",5,4275,4745,1
8/15/2022,KSL,3364,"Greens, Mustard-24 ct",10,4275,4745,0
8/15/2022,LOF,3364,"Greens, Mustard-24 ct",5,4275,4745,5
8/15/2022,KSL,3828,"Peppers, Green Bell",15,4075,4523,0
8/15/2022,PLT,3854,"Greens, Pumpkin Vine-12 ct",14,3650,4052,2
8/15/2022,BXF,3138,"Greens, Collard-24 ct",10,4275,4745,6
8/15/2022,BXF,3853,"Greens, Eggplant Leaves -12 ct",15,3650,4052,0
8/15/2022,BXF,3854,"Greens, Pumpkin Vine-12 ct",12,3650,4052,12
8/15/2022,MMO,3364,"Greens, Mustard-24 ct",5,4275,4745,0
8/15/2022,KHF,3153,"Peppers, Jalapeño",12,3000,3329,12
8/15/2022,CBO,3138,"Greens, Collard-24 ct",5,4275,4745,5
8/15/2022,MLG,3702,"Greens, Malabar Spinach-12 ct",14,3650,4052,14
8/15/2022,PLT,3364,"Greens, Mustard-24 ct",5,4275,4745,0
8/15/2022,LFF,3828,"Peppers, Green Bell",25,4075,4523,22
8/15/2022,TXI,3702,"Greens, Malabar Spinach-12 ct",12,3650,4052,12
8/15/2022,MFP,3153,"Peppers, Jalapeño",10,3000,3329,10
8/15/2022,D2D,3754,"Cabbage, Red",5,4075,4523,5
8/15/2022,LEE,3828,"Peppers, Green Bell",5,4075,4523,0
8/15/2022,TXI,3362,"Cucumbers, Pickling",11,2400,2664,10
8/15/2022,YMF,3853,"Greens, Eggplant Leaves -12 ct",20,3650,4052,20
8/15/2022,CLP,3854,"Greens, Pumpkin Vine-12 ct",12,3650,4052,0
8/15/2022,CAL,3153,"Peppers, Jalapeño",12,3000,3329,12
8/15/2022,TXI,3826,"Greens, Sweet Potato Leaves-12 ct",10,3525,3913,10
8/15/2022,CBS,3404,Tomatillos,20,3275,3635,20
8/15/2022,D2D,3138,"Greens, Collard-24 ct",10,4275,4745,10
8/15/2022,MHA,3362,"Cucumbers, Pickling",11,2400,2664,11
8/15/2022,KSL,3202,"Tomatoes, Slicing",15,4600,5106,0
8/15/2022,MHA,3364,"Greens, Mustard-24 ct",5,4275,4745,0
8/15/2022,CHO,3702,"Greens, Malabar Spinach-12 ct",12,3650,4052,0
8/15/2022,YMF,3668,"Eggplant, Japanese",10,3425,3802,10
8/15/2022,AGF,3089,"Melon, Watermelon",15,3075,3413,0
8/15/2022,CLP,3853,"Greens, Eggplant Leaves -12 ct",15,3650,4052,0
8/15/2022,LDX,3153,"Peppers, Jalapeño",10,3000,3329,10
8/15/2022,HOP,3362,"Cucumbers, Pickling",11,2400,2664,0
8/15/2022,AGF,3091,"Melon, Honeydew",50,3125,3469,0
8/15/2022,MLG,3854,"Greens, Pumpkin Vine-12 ct",14,3650,4052,14
8/15/2022,TXI,3854,"Greens, Pumpkin Vine-12 ct",12,3650,4052,0
8/15/2022,KHF,3202,"Tomatoes, Slicing",36,4600,5106,36
8/15/2022,DTF,3202,"Tomatoes, Slicing",15,4600,5106,15
8/15/2022,CVP,3702,"Greens, Malabar Spinach-12 ct",12,3650,4052,10
8/15/2022,MFP,3364,"Greens, Mustard-24 ct",5,4275,4745,0
8/15/2022,PBY,3202,"Tomatoes, Slicing",15,4600,5106,0
8/15/2022,LOF,3362,"Cucumbers, Pickling",11,2400,2664,11
8/15/2022,LVO,3138,"Greens, Collard-24 ct",5,4275,4745,0
8/15/2022,PBY,3668,"Eggplant, Japanese",10,3425,3802,10
8/15/2022,PLT,3668,"Eggplant, Japanese",10,3425,3802,10
8/15/2022,AGF,3404,Tomatillos,46,3275,3635,46
8/15/2022,PBY,3717,"Eggplant, Globe",15,3700,4107,15
8/15/2022,KSL,3854,"Greens, Pumpkin Vine-12 ct",12,3650,4052,0
8/15/2022,CHO,3182,"Squash, Summer, Patty Pan",22,2400,2664,0
8/15/2022,AGF,3091,"Melon, Honeydew",50,3125,3469,0
8/15/2022,PLT,3853,"Greens, Eggplant Leaves -12 ct",20,3650,4052,20
8/15/2022,CHO,3853,"Greens, Eggplant Leaves -12 ct",15,3650,4052,0
8/15/2022,KHF,3668,"Eggplant, Japanese",10,3425,3802,10
8/15/2022,CLP,3668,"Eggplant, Japanese",10,3425,3802,10
8/15/2022,D2D,3182,"Squash, Summer, Patty Pan",18,2400,2664,15
8/15/2022,YMF,3702,"Greens, Malabar Spinach-12 ct",14,3650,4052,14
8/15/2022,BXF,3702,"Greens, Malabar Spinach-12 ct",12,3650,4052,12
8/15/2022,HOP,3717,"Eggplant, Globe",10,3700,4107,10
8/15/2022,AGF,3089,"Melon, Watermelon",15,3075,3413,0
8/15/2022,CBS,3153,"Peppers, Jalapeño",12,3000,3329,12
8/15/2022,CMU,3853,"Greens, Eggplant Leaves -12 ct",15,3650,4052,0
8/15/2022,LFF,3153,"Peppers, Jalapeño",10,3000,3329,10
8/15/2022,YMF,3717,"Eggplant, Globe",10,3700,4107,10
8/15/2022,RSV,3362,"Cucumbers, Pickling",11,2400,2664,0
8/15/2022,PZM,3828,"Peppers, Green Bell",5,4075,4523,5
8/15/2022,PBY,3089,"Melon, Watermelon",10,3075,3413,0
8/22/2022,YMF,3702,"Greens, Malabar Spinach-12 ct",14,3650,4052,14
8/22/2022,MMO,3813,"Greens, Kale-24 ct",5,4275,4745,0
8/22/2022,PBY,3201,"Tomatoes, Roma",10,4050,4496,0
8/22/2022,AGF,3201,"Tomatoes, Roma",10,4050,4496,0
8/22/2022,LFF,3153,"Peppers, Jalapeño",10,3000,3329,10
8/22/2022,CHO,3200,"Tomatoes, Grape, 12 ct Pint",10,4050,4496,0
8/22/2022,PLT,3458,"Peppers, Habanero",10,4050,4496,10
8/22/2022,LOF,3364,"Greens, Mustard-24 ct",5,4275,4745,0
8/22/2022,PBY,3089,"Melon, Watermelon",10,3075,3413,0
8/22/2022,CHO,3853,"Greens, Eggplant Leaves -12 ct",15,3650,4052,0
8/22/2022,D2D,3200,"Tomatoes, Grape, 12 ct Pint",10,4050,4496,10
8/22/2022,CHO,3702,"Greens, Malabar Spinach-12 ct",12,3650,4052,0
8/22/2022,TXI,3826,"Greens, Sweet Potato Leaves-12 ct",10,3525,3913,10
8/22/2022,CLP,3853,"Greens, Eggplant Leaves -12 ct",15,3650,4052,0
8/22/2022,CBO,3813,"Greens, Kale-24 ct",5,4275,4745,5
8/22/2022,TXI,3854,"Greens, Pumpkin Vine-12 ct",12,3650,4052,0
8/22/2022,D2D,3754,"Cabbage, Red",5,4075,4523,5
8/22/2022,AGF,3089,"Melon, Watermelon",40,3075,3413,0
8/22/2022,MLG,3854,"Greens, Pumpkin Vine-12 ct",14,3650,4052,14
8/22/2022,BXF,3702,"Greens, Malabar Spinach-12 ct",12,3650,4052,11
8/22/2022,PLT,3702,"Greens, Malabar Spinach-12 ct",12,3650,4052,12
8/22/2022,LFF,3828,"Peppers, Green Bell",25,4075,4523,25
8/22/2022,SXF,3826,"Greens, Sweet Potato Leaves-12 ct",50,3525,3913,50
8/22/2022,CBS,3201,"Tomatoes, Roma",10,4050,4496,0
8/22/2022,LEE,3828,"Peppers, Green Bell",10,4075,4523,10
8/22/2022,AGF,3089,"Melon, Watermelon",40,3075,3413,0
8/22/2022,BXF,3853,"Greens, Eggplant Leaves -12 ct",15,3650,4052,0
8/22/2022,CMA,3813,"Greens, Kale-24 ct",5,4275,4745,3
8/22/2022,MLG,3364,"Greens, Mustard-24 ct",10,4275,4745,0
8/22/2022,HAF,3758,"Eggplant, African (Bitter Ball)",11,2400,2664,11
8/22/2022,CTH,3202,"Tomatoes, Slicing",15,4600,5106,0
8/22/2022,CBS,3404,Tomatillos,66,3275,3635,66
8/22/2022,MLG,3702,"Greens, Malabar Spinach-12 ct",14,3650,4052,14
8/22/2022,PLT,3854,"Greens, Pumpkin Vine-12 ct",14,3650,4052,14
8/22/2022,D2D,3813,"Greens, Kale-24 ct",5,4275,4745,5
8/22/2022,DTF,3202,"Tomatoes, Slicing",36,4600,5106,36
8/22/2022,PZM,3458,"Peppers, Habanero",10,4050,4496,0
8/22/2022,BXF,3854,"Greens, Pumpkin Vine-12 ct",12,3650,4052,7
8/22/2022,CHO,3458,"Peppers, Habanero",10,4050,4496,0
8/22/2022,CBS,3404,Tomatillos,20,3275,3635,20
8/22/2022,BXF,3826,"Greens, Sweet Potato Leaves-12 ct",10,3525,3913,10
8/22/2022,CLP,3702,"Greens, Malabar Spinach-12 ct",12,3650,4052,0
8/22/2022,CVP,3702,"Greens, Malabar Spinach-12 ct",12,3650,4052,12
8/22/2022,CHO,3854,"Greens, Pumpkin Vine-12 ct",12,3650,4052,0
8/22/2022,LDX,3153,"Peppers, Jalapeño",10,3000,3329,10
8/22/2022,BXF,3364,"Greens, Mustard-24 ct",5,4275,4745,0
8/22/2022,MMO,3364,"Greens, Mustard-24 ct",5,4275,4745,0
8/22/2022,AGF,3404,Tomatillos,46,3275,3635,46
8/22/2022,KSL,3854,"Greens, Pumpkin Vine-12 ct",12,3650,4052,0
8/22/2022,TXI,3702,"Greens, Malabar Spinach-12 ct",12,3650,4052,12
8/22/2022,D2D,3200,"Tomatoes, Grape, 12 ct Pint",10,4050,4496,10
8/22/2022,PLT,3758,"Eggplant, African (Bitter Ball)",22,2400,2664,22
8/22/2022,MFP,3828,"Peppers, Green Bell",5,4075,4523,5
8/22/2022,CBS,3153,"Peppers, Jalapeño",12,3000,3329,12
8/22/2022,MLG,3758,"Eggplant, African (Bitter Ball)",11,2400,2664,11
8/22/2022,CLP,3813,"Greens, Kale-24 ct",10,4275,4745,10
8/22/2022,YMF,3853,"Greens, Eggplant Leaves -12 ct",20,3650,4052,0
8/22/2022,KHF,3201,"Tomatoes, Roma",36,4050,4496,36
8/22/2022,LFF,3458,"Peppers, Habanero",25,4050,4496,0
8/22/2022,LFF,3828,"Peppers, Green Bell",25,4075,4523,0
8/22/2022,PLT,3364,"Greens, Mustard-24 ct",5,4275,4745,5
8/22/2022,SXF,3758,"Eggplant, African (Bitter Ball)",11,2400,2664,11
8/22/2022,LEE,3828,"Peppers, Green Bell",10,4075,4523,0
8/22/2022,MLG,3826,"Greens, Sweet Potato Leaves-12 ct",10,3525,3913,10
8/22/2022,PZM,3153,"Peppers, Jalapeño",10,3000,3329,10
8/22/2022,PBY,3089,"Melon, Watermelon",10,3075,3413,0
8/22/2022,CVP,3826,"Greens, Sweet Potato Leaves-12 ct",10,3525,3913,10
8/22/2022,KSL,3828,"Peppers, Green Bell",10,4075,4523,0
8/22/2022,CAL,3153,"Peppers, Jalapeño",12,3000,3329,12
8/22/2022,PLT,3854,"Greens, Pumpkin Vine-12 ct",12,3650,4052,10
8/22/2022,CLP,3826,"Greens, Sweet Potato Leaves-12 ct",10,3525,3913,10
8/22/2022,NTN,3813,"Greens, Kale-24 ct",10,4275,4745,10
8/22/2022,TXI,3758,"Eggplant, African (Bitter Ball)",11,2400,2664,11
8/22/2022,MFP,3828,"Peppers, Green Bell",5,4075,4523,5
8/22/2022,KHF,3853,"Greens, Eggplant Leaves -12 ct",15,3650,4052,10
8/22/2022,PLT,3853,"Greens, Eggplant Leaves -12 ct",20,3650,4052,20
8/22/2022,JWI,3813,"Greens, Kale-24 ct",5,4275,4745,5
8/22/2022,YMF,3200,"Tomatoes, Grape, 12 ct Pint",18,4050,4496,18
8/22/2022,CLP,3854,"Greens, Pumpkin Vine-12 ct",12,3650,4052,0
8/22/2022,KSL,3364,"Greens, Mustard-24 ct",10,4275,4745,0
8/22/2022,KHF,3153,"Peppers, Jalapeño",12,3000,3329,12
8/22/2022,MFP,3364,"Greens, Mustard-24 ct",5,4275,4745,5
8/22/2022,KSL,3202,"Tomatoes, Slicing",15,4600,5106,0
8/22/2022,LOF,3813,"Greens, Kale-24 ct",5,4275,4745,5
8/22/2022,KSL,3828,"Peppers, Green Bell",10,4075,4523,0
8/22/2022,MHG,3200,"Tomatoes, Grape, 12 ct Pint",10,4050,4496,9
8/22/2022,LDX,3458,"Peppers, Habanero",11,4050,4496,0
8/22/2022,MHA,3364,"Greens, Mustard-24 ct",5,4275,4745,0
8/29/2022,BXF,3702,"Greens, Malabar Spinach-12 ct",12,3650,4052,0
8/29/2022,AGF,3404,Tomatillos,46,3275,3635,0
8/29/2022,KAL,3132,"Carrots, Rainbow",22,3675,4079,0
8/29/2022,PLT,3668,"Eggplant, Japanese",10,3425,3802,0
8/29/2022,MLG,3364,"Greens, Mustard-24 ct",10,4275,4745,10
8/29/2022,PLT,3458,"Peppers, Habanero",10,4050,4496,10
8/29/2022,CLP,3668,"Eggplant, Japanese",10,3425,3802,0
8/29/2022,TXI,3854,"Greens, Pumpkin Vine-12 ct",12,3650,4052,0
8/29/2022,YMF,3132,"Carrots, Rainbow",11,3675,4079,0
8/29/2022,KSL,3202,"Tomatoes, Slicing",15,4600,5106,0
8/29/2022,MFP,3153,"Peppers, Jalapeño",10,3000,3329,10
8/29/2022,BXF,3364,"Greens, Mustard-24 ct",5,4275,4745,0
8/29/2022,MHA,3364,"Greens, Mustard-24 ct",5,4275,4745,0
8/29/2022,SRF,3759,"Onions, Bulb",20,4625,5134,20
8/29/2022,CLP,3853,"Greens, Eggplant Leaves -12 ct",15,3650,4052,0
8/29/2022,TXI,3826,"Greens, Sweet Potato Leaves-12 ct",10,3525,3913,10
8/29/2022,KHF,3853,"Greens, Eggplant Leaves -12 ct",15,3650,4052,0
8/29/2022,PBY,3201,"Tomatoes, Roma",18,4050,4496,18
8/29/2022,CLP,3854,"Greens, Pumpkin Vine-12 ct",12,3650,4052,0
8/29/2022,KHF,3759,"Onions, Bulb",10,4625,5134,0
8/29/2022,CHO,3702,"Greens, Malabar Spinach-12 ct",12,3650,4052,0
8/29/2022,MLG,3826,"Greens, Sweet Potato Leaves-12 ct",10,3525,3913,10
8/29/2022,TXI,3758,"Eggplant, African (Bitter Ball)",11,2400,2664,11
8/29/2022,LDX,3458,"Peppers, Habanero",11,4050,4496,0
8/29/2022,LFF,3458,"Peppers, Habanero",25,4050,4496,0
8/29/2022,KHF,3153,"Peppers, Jalapeño",12,3000,3329,12
8/29/2022,CVP,3826,"Greens, Sweet Potato Leaves-12 ct",10,3525,3913,10
8/29/2022,PLT,3702,"Greens, Malabar Spinach-12 ct",12,3650,4052,12
8/29/2022,CVP,3702,"Greens, Malabar Spinach-12 ct",12,3650,4052,1
8/29/2022,CBS,3404,Tomatillos,20,3275,3635,20
8/29/2022,SRF,3759,"Onions, Bulb",20,4625,5134,20
8/29/2022,CLP,3702,"Greens, Malabar Spinach-12 ct",12,3650,4052,0
8/29/2022,MLG,3758,"Eggplant, African (Bitter Ball)",11,2400,2664,3
8/29/2022,MLG,3702,"Greens, Malabar Spinach-12 ct",14,3650,4052,0
8/29/2022,LOF,3364,"Greens, Mustard-24 ct",5,4275,4745,0
8/29/2022,SXF,3826,"Greens, Sweet Potato Leaves-12 ct",50,3525,3913,50
8/29/2022,BXF,3853,"Greens, Eggplant Leaves -12 ct",15,3650,4052,0
8/29/2022,SRF,3759,"Onions, Bulb",10,4625,5134,10
8/29/2022,CHO,3853,"Greens, Eggplant Leaves -12 ct",15,3650,4052,0
8/29/2022,PZM,3828,"Peppers, Green Bell",10,4075,4523,10
8/29/2022,SRF,3201,"Tomatoes, Roma",18,4050,4496,18
8/29/2022,LEE,3828,"Peppers, Green Bell",10,4075,4523,10
8/29/2022,YMF,3702,"Greens, Malabar Spinach-12 ct",14,3650,4052,0
8/29/2022,PLT,3854,"Greens, Pumpkin Vine-12 ct",12,3650,4052,12
8/29/2022,YMF,3668,"Eggplant, Japanese",10,3425,3802,0
8/29/2022,LFF,3153,"Peppers, Jalapeño",10,3000,3329,10
8/29/2022,CTH,3202,"Tomatoes, Slicing",15,4600,5106,0
8/29/2022,YMF,3853,"Greens, Eggplant Leaves -12 ct",20,3650,4052,0
8/29/2022,BXF,3854,"Greens, Pumpkin Vine-12 ct",12,3650,4052,0
8/29/2022,DTF,3202,"Tomatoes, Slicing",36,4600,5106,36
8/29/2022,CAL,3153,"Peppers, Jalapeño",12,3000,3329,12
8/29/2022,KSL,3828,"Peppers, Green Bell",10,4075,4523,0
8/29/2022,MLG,3854,"Greens, Pumpkin Vine-12 ct",14,3650,4052,12
8/29/2022,LDX,3153,"Peppers, Jalapeño",10,3000,3329,10
8/29/2022,CBS,3201,"Tomatoes, Roma",15,4050,4496,0
8/29/2022,CBS,3153,"Peppers, Jalapeño",12,3000,3329,12
8/29/2022,LFF,3828,"Peppers, Green Bell",20,4075,4523,10
8/29/2022,CLP,3826,"Greens, Sweet Potato Leaves-12 ct",10,3525,3913,0
8/29/2022,KHF,3668,"Eggplant, Japanese",10,3425,3802,10
8/29/2022,SRF,3759,"Onions, Bulb",20,4625,5134,0
8/29/2022,BXF,3826,"Greens, Sweet Potato Leaves-12 ct",10,3525,3913,0
8/29/2022,PLT,3758,"Eggplant, African (Bitter Ball)",22,2400,2664,22
8/29/2022,CHO,3854,"Greens, Pumpkin Vine-12 ct",12,3650,4052,0
8/29/2022,MLG,3759,"Onions, Bulb",10,4625,5134,10
8/29/2022,PLT,3853,"Greens, Eggplant Leaves -12 ct",20,3650,4052,0
8/29/2022,CHO,3458,"Peppers, Habanero",10,4050,4496,0
8/29/2022,KSL,3364,"Greens, Mustard-24 ct",10,4275,4745,0
8/29/2022,HAF,3758,"Eggplant, African (Bitter Ball)",11,2400,2664,0
8/29/2022,MFP,3759,"Onions, Bulb",10,4625,5134,0
8/29/2022,MMO,3364,"Greens, Mustard-24 ct",5,4275,4745,0
8/29/2022,SXF,3758,"Eggplant, African (Bitter Ball)",11,2400,2664,11
8/29/2022,PBY,3668,"Eggplant, Japanese",10,3425,3802,10
8/29/2022,TEB,3854,"Greens, Pumpkin Vine-12 ct",12,3650,4052,12
8/29/2022,CMU,3132,"Carrots, Rainbow",11,3675,4079,0
8/29/2022,RSV,3755,"Carrots, Orange",22,3675,4079,22
8/29/2022,CBS,3404,Tomatillos,66,3275,3635,66
8/29/2022,PLT,3854,"Greens, Pumpkin Vine-12 ct",14,3650,4052,2
8/29/2022,PLT,3364,"Greens, Mustard-24 ct",5,4275,4745,0
8/29/2022,MFP,3364,"Greens, Mustard-24 ct",5,4275,4745,5
8/29/2022,MFP,3458,"Peppers, Habanero",10,4050,4496,10
8/29/2022,CAL,3201,"Tomatoes, Roma",15,4050,4496,15
8/29/2022,TXI,3702,"Greens, Malabar Spinach-12 ct",12,3650,4052,12
8/29/2022,D2D,3754,"Cabbage, Red",5,4075,4523,5
8/8/2022,KSL,3362,"Cucumbers, Pickling",11,2400,2664,0
8/8/2022,YMF,3754,"Cabbage, Red",5,4075,4523,0
8/8/2022,RSV,3809,"Beans, Green, Yellow or Purple",6,7100,7881,0
8/8/2022,HAF,3809,"Beans, Green, Yellow or Purple",5,7100,7881,5
8/8/2022,ONC,3754,"Cabbage, Red",5,4075,4523,5
8/8/2022,YMF,3809,"Beans, Green, Yellow or Purple",10,7100,7881,10
8/8/2022,D2D,3182,"Squash, Summer, Patty Pan",18,2400,2664,0
8/8/2022,SXF,3362,"Cucumbers, Pickling",11,2400,2664,11
8/8/2022,CLP,3182,"Squash, Summer, Patty Pan",18,2400,2664,0
8/8/2022,CMA,3813,"Greens, Kale-24 ct",5,4275,4745,5
8/8/2022,LEE,3809,"Beans, Green, Yellow or Purple",10,7100,7881,10
8/8/2022,CLP,3826,"Greens, Sweet Potato Leaves-12 ct",10,3525,3913,0
8/8/2022,CBO,3813,"Greens, Kale-24 ct",5,4275,4745,5
8/8/2022,NTN,3809,"Beans, Green, Yellow or Purple",15,7100,7881,15
8/8/2022,AFC,3138,"Greens, Collard-24 ct",8,4275,4745,0
8/8/2022,KHF,3759,"Onions, Bulb",10,4625,5134,0
8/8/2022,D2D,3813,"Greens, Kale-24 ct",5,4275,4745,5
8/8/2022,NTN,3813,"Greens, Kale-24 ct",10,4275,4745,0
8/8/2022,CBS,3404,Tomatillos,66,3275,3635,0
8/8/2022,HAF,3362,"Cucumbers, Pickling",11,2400,2664,6
8/8/2022,LFF,3153,"Peppers, Jalapeño",10,3000,3329,5
8/8/2022,MMO,3813,"Greens, Kale-24 ct",5,4275,4745,5
8/8/2022,CBS,3153,"Peppers, Jalapeño",12,3000,3329,0
8/8/2022,SRF,3809,"Beans, Green, Yellow or Purple",10,7100,7881,10
8/8/2022,CVP,3826,"Greens, Sweet Potato Leaves-12 ct",10,3525,3913,0
8/8/2022,CHO,3809,"Beans, Green, Yellow or Purple",10,7100,7881,0
8/8/2022,LOF,3813,"Greens, Kale-24 ct",5,4275,4745,5
8/8/2022,CLP,3362,"Cucumbers, Pickling",11,2400,2664,0
8/8/2022,LDX,3153,"Peppers, Jalapeño",10,3000,3329,10
8/8/2022,PZM,3153,"Peppers, Jalapeño",10,3000,3329,10
8/8/2022,CHO,3362,"Cucumbers, Pickling",11,2400,2664,0
8/8/2022,CMA,3754,"Cabbage, Red",5,4075,4523,5
8/8/2022,D2D,3809,"Beans, Green, Yellow or Purple",10,7100,7881,0
8/8/2022,MFP,3759,"Onions, Bulb",10,4625,5134,0
8/8/2022,CAL,3153,"Peppers, Jalapeño",12,3000,3329,0
8/8/2022,SRF,3759,"Onions, Bulb",20,4625,5134,20
8/8/2022,TXI,3826,"Greens, Sweet Potato Leaves-12 ct",10,3525,3913,0
8/8/2022,JWI,3813,"Greens, Kale-24 ct",5,4275,4745,5
8/8/2022,SRF,3759,"Onions, Bulb",20,4625,5134,20
8/8/2022,CLP,3813,"Greens, Kale-24 ct",10,4275,4745,10
8/8/2022,PBY,3809,"Beans, Green, Yellow or Purple",10,7100,7881,10
8/8/2022,BXF,3826,"Greens, Sweet Potato Leaves-12 ct",10,3525,3913,0
8/8/2022,CHO,3182,"Squash, Summer, Patty Pan",22,2400,2664,0
8/8/2022,AGF,3404,Tomatillos,46,3275,3635,0
8/8/2022,MLG,3826,"Greens, Sweet Potato Leaves-12 ct",10,3525,3913,0
8/8/2022,KHF,3153,"Peppers, Jalapeño",12,3000,3329,0
8/8/2022,SRF,3759,"Onions, Bulb",20,4625,5134,20
8/8/2022,MHG,3362,"Cucumbers, Pickling",11,2400,2664,11
8/8/2022,SRF,3759,"Onions, Bulb",10,4625,5134,10
8/8/2022,MLG,3809,"Beans, Green, Yellow or Purple",10,7100,7881,0
8/8/2022,LDX,3754,"Cabbage, Red",5,4075,4523,0
8/8/2022,MLG,3759,"Onions, Bulb",10,4625,5134,10
8/8/2022,CBS,3404,Tomatillos,20,3275,3635,0
8/8/2022,SXF,3826,"Greens, Sweet Potato Leaves-12 ct",50,3525,3913,0
9/12/2022,LFF,3458,"Peppers, Habanero",25,4050,4496,3
9/12/2022,LOF,3364,"Greens, Mustard-24 ct",5,4275,4745,5
9/12/2022,AGF,3759,"Onions, Bulb",20,4625,5134,20
9/12/2022,KAL,3132,"Carrots, Rainbow",22,3675,4079,0
9/12/2022,YMF,3668,"Eggplant, Japanese",10,3425,3802,10
9/12/2022,KSL,3364,"Greens, Mustard-24 ct",10,4275,4745,0
9/12/2022,CAL,3153,"Peppers, Jalapeño",12,3000,3329,0
9/12/2022,KHF,3668,"Eggplant, Japanese",10,3425,3802,0
9/12/2022,KSL,3202,"Tomatoes, Slicing",15,4600,5106,0
9/12/2022,KHF,3153,"Peppers, Jalapeño",12,3000,3329,12
9/12/2022,D2D,3200,"Tomatoes, Grape, 12 ct Pint",10,4050,4496,10
9/12/2022,MLG,3826,"Greens, Sweet Potato Leaves-12 ct",10,3525,3913,10
9/12/2022,CAL,3201,"Tomatoes, Roma",15,4050,4496,10
9/12/2022,CBO,3138,"Greens, Collard-24 ct",5,4275,4745,5
9/12/2022,MFP,3759,"Onions, Bulb",10,4625,5134,10
9/12/2022,CHO,3458,"Peppers, Habanero",10,4050,4496,0
9/12/2022,CAL,3759,"Onions, Bulb",20,4625,5134,0
9/12/2022,CMU,3132,"Carrots, Rainbow",11,3675,4079,11
9/12/2022,LFF,3828,"Peppers, Green Bell",20,4075,4523,20
9/12/2022,CLP,3826,"Greens, Sweet Potato Leaves-12 ct",10,3525,3913,10
9/12/2022,TXI,3826,"Greens, Sweet Potato Leaves-12 ct",10,3525,3913,10
9/12/2022,MLG,3759,"Onions, Bulb",10,4625,5134,10
9/12/2022,SRF,3759,"Onions, Bulb",20,4625,5134,20
9/12/2022,KSL,3828,"Peppers, Green Bell",10,4075,4523,0
9/12/2022,MLG,3755,"Carrots, Orange",22,3675,4079,22
9/12/2022,CVP,3826,"Greens, Sweet Potato Leaves-12 ct",10,3525,3913,10
9/12/2022,PLT,3364,"Greens, Mustard-24 ct",5,4275,4745,5
9/12/2022,BXF,3826,"Greens, Sweet Potato Leaves-12 ct",10,3525,3913,0
9/12/2022,CMU,3138,"Greens, Collard-24 ct",10,4275,4745,5
9/12/2022,MHA,3364,"Greens, Mustard-24 ct",5,4275,4745,0
9/12/2022,BXF,3364,"Greens, Mustard-24 ct",5,4275,4745,0
9/12/2022,LFF,3153,"Peppers, Jalapeño",10,3000,3329,10
9/12/2022,PLT,3758,"Eggplant, African (Bitter Ball)",22,2400,2664,22
9/12/2022,MFP,3153,"Peppers, Jalapeño",10,3000,3329,10
9/12/2022,CBS,3153,"Peppers, Jalapeño",12,3000,3329,12
9/12/2022,PLT,3668,"Eggplant, Japanese",10,3425,3802,10
9/12/2022,SRF,3201,"Tomatoes, Roma",18,4050,4496,18
9/12/2022,YMF,3132,"Carrots, Rainbow",11,3675,4079,0
9/12/2022,YMF,3755,"Carrots, Orange",11,3675,4079,11
9/12/2022,MFP,3364,"Greens, Mustard-24 ct",5,4275,4745,5
9/12/2022,RSV,3755,"Carrots, Orange",22,3675,4079,22
9/12/2022,MMO,3364,"Greens, Mustard-24 ct",5,4275,4745,5
9/12/2022,MFP,3828,"Peppers, Green Bell",10,4075,4523,10
9/12/2022,HAF,3758,"Eggplant, African (Bitter Ball)",11,2400,2664,11
9/12/2022,DTF,3202,"Tomatoes, Slicing",36,4600,5106,36
9/12/2022,CBS,3201,"Tomatoes, Roma",24,4050,4496,0
9/12/2022,MFP,3458,"Peppers, Habanero",10,4050,4496,10
9/12/2022,MHG,3200,"Tomatoes, Grape, 12 ct Pint",10,4050,4496,10
9/12/2022,CHO,3200,"Tomatoes, Grape, 12 ct Pint",10,4050,4496,10
9/12/2022,LDX,3458,"Peppers, Habanero",11,4050,4496,11
9/12/2022,D2D,3200,"Tomatoes, Grape, 12 ct Pint",10,4050,4496,10
9/12/2022,LEE,3828,"Peppers, Green Bell",10,4075,4523,10
9/12/2022,CMU,3755,"Carrots, Orange",11,3675,4079,11
9/12/2022,SXF,3826,"Greens, Sweet Potato Leaves-12 ct",50,3525,3913,50
9/12/2022,PBY,3592,Broccoli,27,3700,4107,16
9/12/2022,CMA,3138,"Greens, Collard-24 ct",5,4275,4745,5
9/12/2022,PBY,3201,"Tomatoes, Roma",9,4050,4496,9
9/12/2022,PBY,3668,"Eggplant, Japanese",10,3425,3802,10
9/12/2022,SRF,3759,"Onions, Bulb",10,4625,5134,10
9/12/2022,SXF,3758,"Eggplant, African (Bitter Ball)",11,2400,2664,11
9/12/2022,KHF,3759,"Onions, Bulb",10,4625,5134,0
9/12/2022,LVO,3138,"Greens, Collard-24 ct",5,4275,4745,0
9/12/2022,YMF,3200,"Tomatoes, Grape, 12 ct Pint",18,4050,4496,18
9/12/2022,RSV,3755,"Carrots, Orange",10,3675,4079,10
9/12/2022,CLP,3668,"Eggplant, Japanese",10,3425,3802,10
9/12/2022,JWI,3138,"Greens, Collard-24 ct",5,4275,4745,0
9/12/2022,PLT,3458,"Peppers, Habanero",10,4050,4496,10
9/12/2022,D2D,3138,"Greens, Collard-24 ct",10,4275,4745,10
9/12/2022,CTH,3202,"Tomatoes, Slicing",15,4600,5106,15
9/12/2022,MLG,3364,"Greens, Mustard-24 ct",10,4275,4745,10
9/12/2022,TXI,3758,"Eggplant, African (Bitter Ball)",11,2400,2664,11
9/12/2022,BXF,3138,"Greens, Collard-24 ct",10,4275,4745,0
9/12/2022,LDX,3153,"Peppers, Jalapeño",10,3000,3329,10
9/12/2022,MLG,3758,"Eggplant, African (Bitter Ball)",11,2400,2664,11
9/19/2022,MHA,3364,"Greens, Mustard-24 ct",5,4275,4745,0
9/19/2022,PZM,3828,"Peppers, Green Bell",10,4075,4523,10
9/19/2022,CHO,3458,"Peppers, Habanero",10,4050,4496,0
9/19/2022,CAL,3189,"Squash, Winter, Delicata",40,4075,4523,40
9/19/2022,CAL,3153,"Peppers, Jalapeño",12,3000,3329,12
9/19/2022,KHF,3153,"Peppers, Jalapeño",12,3000,3329,12
9/19/2022,CBS,3201,"Tomatoes, Roma",15,4050,4496,0
9/19/2022,AGF,3201,"Tomatoes, Roma",10,4050,4496,10
9/19/2022,LEE,3828,"Peppers, Green Bell",10,4075,4523,10
9/19/2022,BXF,3364,"Greens, Mustard-24 ct",5,4275,4745,0
9/19/2022,CAL,3759,"Onions, Bulb",20,4625,5134,0
9/19/2022,PBY,3201,"Tomatoes, Roma",10,4050,4496,10
9/19/2022,LFF,3828,"Peppers, Green Bell",20,4075,4523,10
9/19/2022,AGF,3189,"Squash, Winter, Delicata",60,4075,4523,60
9/19/2022,KSL,3828,"Peppers, Green Bell",10,4075,4523,0
9/19/2022,PZM,3458,"Peppers, Habanero",10,4050,4496,10
9/19/2022,CAL,3189,"Squash, Winter, Delicata",20,4075,4523,20
9/19/2022,LOF,3364,"Greens, Mustard-24 ct",5,4275,4745,5
9/19/2022,LFF,3153,"Peppers, Jalapeño",10,3000,3329,10
9/19/2022,PZM,3153,"Peppers, Jalapeño",10,3000,3329,10
9/19/2022,PLT,3364,"Greens, Mustard-24 ct",5,4275,4745,5
9/19/2022,PLT,3458,"Peppers, Habanero",10,4050,4496,10
9/19/2022,MMO,3364,"Greens, Mustard-24 ct",5,4275,4745,5
9/19/2022,MHG,3200,"Tomatoes, Grape, 12 ct Pint",10,4050,4496,10
9/19/2022,KHF,3201,"Tomatoes, Roma",36,4050,4496,36
9/19/2022,KSL,3202,"Tomatoes, Slicing",15,4600,5106,0
9/19/2022,LDX,3458,"Peppers, Habanero",11,4050,4496,0
9/19/2022,MLG,3364,"Greens, Mustard-24 ct",10,4275,4745,10
9/19/2022,LDX,3153,"Peppers, Jalapeño",10,3000,3329,10
9/19/2022,YMF,3200,"Tomatoes, Grape, 12 ct Pint",18,4050,4496,18
9/19/2022,AGF,3189,"Squash, Winter, Delicata",30,4075,4523,30
9/19/2022,D2D,3200,"Tomatoes, Grape, 12 ct Pint",10,4050,4496,10
9/19/2022,D2D,3200,"Tomatoes, Grape, 12 ct Pint",10,4050,4496,8
9/19/2022,KHF,3759,"Onions, Bulb",10,4625,5134,0
9/19/2022,AGF,3759,"Onions, Bulb",20,4625,5134,0
9/19/2022,CHO,3200,"Tomatoes, Grape, 12 ct Pint",10,4050,4496,10
9/19/2022,SRF,3759,"Onions, Bulb",20,4625,5134,20
9/19/2022,MFP,3364,"Greens, Mustard-24 ct",5,4275,4745,5
9/19/2022,SRF,3759,"Onions, Bulb",10,4625,5134,10
9/19/2022,CTH,3202,"Tomatoes, Slicing",15,4600,5106,15
9/19/2022,MFP,3759,"Onions, Bulb",10,4625,5134,10
9/19/2022,CBS,3153,"Peppers, Jalapeño",12,3000,3329,12
9/19/2022,KSL,3364,"Greens, Mustard-24 ct",10,4275,4745,0
9/19/2022,DTF,3202,"Tomatoes, Slicing",36,4600,5106,36
9/19/2022,CBS,3201,"Tomatoes, Roma",10,4050,4496,0
9/19/2022,MLG,3759,"Onions, Bulb",10,4625,5134,10
9/19/2022,LFF,3458,"Peppers, Habanero",25,4050,4496,5
9/26/2022,YMF,3200,"Tomatoes, Grape, 12 ct Pint",18,4050,4496,16
9/26/2022,PBY,3201,"Tomatoes, Roma",9,4050,4496,9
9/26/2022,AGF,3449,"Peppers, Poblano",10,4625,5134,0
9/26/2022,D2D,3200,"Tomatoes, Grape, 12 ct Pint",10,4050,4496,0
9/26/2022,MFP,3573,"Greens, Bok Choi",10,4625,5134,10
9/26/2022,CBS,3201,"Tomatoes, Roma",14,4050,4496,0
9/26/2022,CHO,3449,"Peppers, Poblano",10,4625,5134,0
9/26/2022,MFP,3573,"Greens, Bok Choi",10,4625,5134,10
9/26/2022,SRF,3201,"Tomatoes, Roma",30,4050,4496,30
9/26/2022,CHO,3200,"Tomatoes, Grape, 12 ct Pint",10,4050,4496,10
9/26/2022,PBY,3573,"Greens, Bok Choi",10,4625,5134,10
9/26/2022,PZM,3573,"Greens, Bok Choi",10,4625,5134,0
9/26/2022,CAL,3189,"Squash, Winter, Delicata",65,4075,4523,5
9/26/2022,PBY,3573,"Greens, Bok Choi",10,4625,5134,10
9/26/2022,MHG,3200,"Tomatoes, Grape, 12 ct Pint",10,4050,4496,0
9/26/2022,PZM,3573,"Greens, Bok Choi",10,4625,5134,0
9/26/2022,MFP,3573,"Greens, Bok Choi",10,4625,5134,10
9/26/2022,AGF,3189,"Squash, Winter, Delicata",60,4075,4523,0
9/26/2022,KHF,3201,"Tomatoes, Roma",18,4050,4496,0
9/26/2022,TEB,3573,"Greens, Bok Choi",10,4625,5134,10
9/26/2022,PZM,3449,"Peppers, Poblano",10,4625,5134,10
9/26/2022,TEB,3573,"Greens, Bok Choi",10,4625,5134,0
9/26/2022,NTN,3449,"Peppers, Poblano",20,4625,5134,20
9/26/2022,D2D,3200,"Tomatoes, Grape, 12 ct Pint",10,4050,4496,0
9/26/2022,PBY,3189,"Squash, Winter, Delicata",25,4075,4523,25
9/26/2022,PZM,3573,"Greens, Bok Choi",10,4625,5134,0
9/5/2022,TXI,3758,"Eggplant, African (Bitter Ball)",11,2400,2664,11
9/5/2022,MFP,3828,"Peppers, Green Bell",8,4075,4523,0
9/5/2022,HAF,3758,"Eggplant, African (Bitter Ball)",11,2400,2664,0
9/5/2022,SXF,3758,"Eggplant, African (Bitter Ball)",11,2400,2664,0
9/5/2022,SRF,3759,"Onions, Bulb",10,4625,5134,10
9/5/2022,CMU,3755,"Carrots, Orange",22,3675,4079,11
9/5/2022,PLT,3702,"Greens, Malabar Spinach-12 ct",12,3650,4052,12
9/5/2022,MMO,3364,"Greens, Mustard-24 ct",5,4275,4745,5
9/5/2022,KHF,3153,"Peppers, Jalapeño",12,3000,3329,12
9/5/2022,NTN,3813,"Greens, Kale-24 ct",10,4275,4745,10
9/5/2022,CLP,3813,"Greens, Kale-24 ct",10,4275,4745,5
9/5/2022,TXI,3854,"Greens, Pumpkin Vine-12 ct",12,3650,4052,0
9/5/2022,KHF,3201,"Tomatoes, Roma",36,4050,4496,36
9/5/2022,BXF,3854,"Greens, Pumpkin Vine-12 ct",12,3650,4052,0
9/5/2022,CBS,3153,"Peppers, Jalapeño",12,3000,3329,11
9/5/2022,TXI,3826,"Greens, Sweet Potato Leaves-12 ct",10,3525,3913,0
9/5/2022,MLG,3758,"Eggplant, African (Bitter Ball)",11,2400,2664,11
9/5/2022,SRF,3759,"Onions, Bulb",20,4625,5134,20
9/5/2022,MLG,3759,"Onions, Bulb",10,4625,5134,0
9/5/2022,DTF,3202,"Tomatoes, Slicing",36,4600,5106,0
9/5/2022,AGF,3201,"Tomatoes, Roma",10,4050,4496,7
9/5/2022,KHF,3202,"Tomatoes, Slicing",30,4600,5106,30
9/5/2022,RSV,3755,"Carrots, Orange",22,3675,4079,0
9/5/2022,CLP,3717,"Eggplant, Globe",10,3700,4107,10
9/5/2022,BXF,3853,"Greens, Eggplant Leaves -12 ct",15,3650,4052,0
9/5/2022,SRF,3759,"Onions, Bulb",20,4625,5134,10
9/5/2022,KHF,3759,"Onions, Bulb",10,4625,5134,0
9/5/2022,LFF,3458,"Peppers, Habanero",25,4050,4496,0
9/5/2022,MLG,3755,"Carrots, Orange",22,3675,4079,0
9/5/2022,PZM,3458,"Peppers, Habanero",10,4050,4496,0
9/5/2022,PLT,3854,"Greens, Pumpkin Vine-12 ct",14,3650,4052,14
9/5/2022,CHO,3458,"Peppers, Habanero",10,4050,4496,0
9/5/2022,YMF,3755,"Carrots, Orange",11,3675,4079,11
9/5/2022,CMA,3813,"Greens, Kale-24 ct",5,4275,4745,0
9/5/2022,MHA,3364,"Greens, Mustard-24 ct",5,4275,4745,0
9/5/2022,MLG,3854,"Greens, Pumpkin Vine-12 ct",14,3650,4052,0
9/5/2022,KAL,3755,"Carrots, Orange",22,3675,4079,0
9/5/2022,PLT,3853,"Greens, Eggplant Leaves -12 ct",20,3650,4052,20
9/5/2022,CAL,3153,"Peppers, Jalapeño",12,3000,3329,0
9/5/2022,YMF,3702,"Greens, Malabar Spinach-12 ct",14,3650,4052,14
9/5/2022,LOF,3813,"Greens, Kale-24 ct",5,4275,4745,5
9/5/2022,BXF,3702,"Greens, Malabar Spinach-12 ct",12,3650,4052,0
9/5/2022,CVP,3702,"Greens, Malabar Spinach-12 ct",12,3650,4052,12
9/5/2022,LDX,3153,"Peppers, Jalapeño",10,3000,3329,10
9/5/2022,PBY,3717,"Eggplant, Globe",15,3700,4107,15
9/5/2022,CHO,3702,"Greens, Malabar Spinach-12 ct",12,3650,4052,0
9/5/2022,MLG,3826,"Greens, Sweet Potato Leaves-12 ct",10,3525,3913,0
9/5/2022,PLT,3458,"Peppers, Habanero",10,4050,4496,0
9/5/2022,PBY,3201,"Tomatoes, Roma",10,4050,4496,1
9/5/2022,BXF,3364,"Greens, Mustard-24 ct",5,4275,4745,0
9/5/2022,MFP,3364,"Greens, Mustard-24 ct",5,4275,4745,0
9/5/2022,MLG,3702,"Greens, Malabar Spinach-12 ct",14,3650,4052,14
9/5/2022,PLT,3364,"Greens, Mustard-24 ct",5,4275,4745,0
9/5/2022,SXF,3826,"Greens, Sweet Potato Leaves-12 ct",50,3525,3913,50
9/5/2022,YMF,3717,"Eggplant, Globe",10,3700,4107,10
9/5/2022,MLG,3364,"Greens, Mustard-24 ct",10,4275,4745,0
9/5/2022,LOF,3364,"Greens, Mustard-24 ct",5,4275,4745,0
9/5/2022,KHF,3853,"Greens, Eggplant Leaves -12 ct",15,3650,4052,0
9/5/2022,LDX,3458,"Peppers, Habanero",11,4050,4496,0
9/5/2022,TXI,3702,"Greens, Malabar Spinach-12 ct",12,3650,4052,12
9/5/2022,CVP,3826,"Greens, Sweet Potato Leaves-12 ct",10,3525,3913,0
9/5/2022,CBS,3201,"Tomatoes, Roma",10,4050,4496,0
9/5/2022,CBO,3813,"Greens, Kale-24 ct",5,4275,4745,5
9/5/2022,KSL,3828,"Peppers, Green Bell",10,4075,4523,0
9/5/2022,PLT,3758,"Eggplant, African (Bitter Ball)",22,2400,2664,0
9/5/2022,CHO,3853,"Greens, Eggplant Leaves -12 ct",15,3650,4052,0
9/5/2022,CMU,3755,"Carrots, Orange",11,3675,4079,0
9/5/2022,YMF,3853,"Greens, Eggplant Leaves -12 ct",20,3650,4052,20
9/5/2022,LEE,3828,"Peppers, Green Bell",10,4075,4523,0
9/5/2022,CLP,3853,"Greens, Eggplant Leaves -12 ct",15,3650,4052,0
9/5/2022,CLP,3826,"Greens, Sweet Potato Leaves-12 ct",10,3525,3913,0
9/5/2022,SRF,3759,"Onions, Bulb",20,4625,5134,0
9/5/2022,LFF,3153,"Peppers, Jalapeño",10,3000,3329,10
9/5/2022,MMO,3813,"Greens, Kale-24 ct",5,4275,4745,5
9/5/2022,PLT,3854,"Greens, Pumpkin Vine-12 ct",12,3650,4052,6
9/5/2022,D2D,3813,"Greens, Kale-24 ct",5,4275,4745,5
9/5/2022,CLP,3702,"Greens, Malabar Spinach-12 ct",12,3650,4052,0
9/5/2022,MFP,3759,"Onions, Bulb",10,4625,5134,10
9/5/2022,CLP,3854,"Greens, Pumpkin Vine-12 ct",12,3650,4052,0
9/5/2022,D2D,3754,"Cabbage, Red",5,4075,4523,5
9/5/2022,PZM,3153,"Peppers, Jalapeño",10,3000,3329,0
9/5/2022,JWI,3813,"Greens, Kale-24 ct",5,4275,4745,0
9/5/2022,HOP,3717,"Eggplant, Globe",10,3700,4107,10
9/5/2022,LFF,3828,"Peppers, Green Bell",20,4075,4523,0
9/5/2022,BXF,3826,"Greens, Sweet Potato Leaves-12 ct",10,3525,3913,0
9/5/2022,TEB,3854,"Greens, Pumpkin Vine-12 ct",12,3650,4052,10
9/5/2022,CHO,3854,"Greens, Pumpkin Vine-12 ct",12,3650,4052,0
9/5/2022,NTN,3755,"Carrots, Orange",22,3675,4079,22
9/5/2022,KSL,3364,"Greens, Mustard-24 ct",10,4275,4745,0
