Delivery Week,Producer Code,Product ID,Product,Quantity,Cost,Fulfilled,Water Access,Land Ownership
10/11/2021,PBY,3166,"Potatoes, Red",10,5000,0,False,False
10/11/2021,SGC,3188,"Squash, Winter, Butternut",25,2465,25,,
10/11/2021,LXF,3613,"Beets, Bulk",18,2631,18,,
10/11/2021,HAF,3755,"Carrots, Orange Bulk",12,3162,0,False,True
10/11/2021,LXF,3132,"Carrots, Rainbow Bulk",60,3162,60,,
10/11/2021,LXF,3132,"Carrots, Rainbow Bulk",40,3162,0,,
10/11/2021,NTN,3592,Broccoli,30,3145,0,False,False
10/11/2021,KSL,3592,Broccoli,20,3145,0,False,False
10/11/2021,YMF,3755,"Carrots, Orange Bulk",15,3162,15,True,False
10/11/2021,MKV,3166,"Potatoes, Red",10,5000,0,,
10/11/2021,RSV,3755,"Carrots, Orange Bulk",15,3162,15,False,False
10/11/2021,PBY,3613,"Beets, Bulk",16,2631,16,False,False
10/11/2021,MLP,3592,Broccoli,20,3145,0,,
10/11/2021,NTN,3755,"Carrots, Orange Bulk",30,3162,30,False,False
10/11/2021,SGC,3188,"Squash, Winter, Butternut",25,2465,25,,
10/11/2021,MHG,3613,"Beets, Bulk",16,2631,0,True,True
10/11/2021,YMF,3099,Beets w/greens,75,3600,0,True,False
10/11/2021,WKH,3132,"Carrots, Rainbow Bulk",60,3162,0,,
10/11/2021,YMF,3132,"Carrots, Rainbow Bulk",12,3162,12,True,False
10/11/2021,YMF,3775,Kohlrabi,18,3000,0,True,False
10/11/2021,CBS,3188,"Squash, Winter, Butternut",25,2465,25,True,True
10/11/2021,YMF,3592,Broccoli,30,3145,0,True,False
10/11/2021,SGC,3188,"Squash, Winter, Butternut",25,2465,25,,
10/11/2021,LXF,3166,"Potatoes, Red",10,5000,10,,
10/11/2021,SGC,3592,Broccoli,10,3145,0,,
10/11/2021,WKH,3592,Broccoli,10,3145,0,,
10/11/2021,YMF,3178,"Radishes, Daikon",25,3000,15,True,False
10/11/2021,CVP,3166,"Potatoes, Red",10,5000,10,False,False
10/11/2021,CVP,3755,"Carrots, Orange Bulk",30,3162,30,False,False
10/11/2021,PBY,3592,Broccoli,30,3145,0,False,False
10/11/2021,MHG,3178,"Radishes, Daikon",25,3000,0,True,True
10/11/2021,D2D,3755,"Carrots, Orange Bulk",30,3162,0,True,True
10/18/2021,CVP,3755,"Carrots, Orange Bulk",30,3162,30,False,False
10/18/2021,SGC,3188,"Squash, Winter, Butternut",25,2465,25,,
10/18/2021,SGC,3754,Cabbage,10,3400,10,,
10/18/2021,SGC,3754,Cabbage,10,3400,10,,
10/18/2021,SEE,3189,"Squash, Winter, Delicata",52,3500,24,True,True
10/18/2021,HAF,3755,"Carrots, Orange Bulk",12,3162,0,False,True
10/18/2021,WKH,3759,"Onions, Bulb",20,4000,13,,
10/18/2021,SGC,3189,"Squash, Winter, Delicata",25,3500,10,,
10/18/2021,LKW,3759,"Onions, Bulb",5,4000,0,,
10/18/2021,MKV,3759,"Onions, Bulb",20,4000,0,,
10/18/2021,NTN,3759,"Onions, Bulb",10,4000,5,False,False
10/18/2021,PBY,3759,"Onions, Bulb",20,4000,0,False,False
10/18/2021,SGC,3759,"Onions, Bulb",20,4000,8,,
10/18/2021,SGC,3759,"Onions, Bulb",20,4000,0,,
10/18/2021,NTN,3807,Cauliflower,23,2300,0,False,False
10/18/2021,UNK,3759,"Onions, Bulb",8,4000,0,False,False
10/18/2021,YMF,3266,"Onions, Green or Scallions-24 ct",38,2880,0,True,False
10/18/2021,YMF,3132,"Carrots, Rainbow Bulk",12,3162,12,True,False
10/18/2021,WKH,3132,"Carrots, Rainbow Bulk",60,3162,0,,
10/18/2021,YMF,3189,"Squash, Winter, Delicata",25,3500,22,True,False
10/18/2021,LXF,3132,"Carrots, Rainbow Bulk",60,3162,60,,
10/18/2021,SGC,3189,"Squash, Winter, Delicata",25,3500,0,,
10/18/2021,YMF,3755,"Carrots, Orange Bulk",15,3162,15,True,False
10/18/2021,SGC,3189,"Squash, Winter, Delicata",25,3500,0,,
10/18/2021,NTN,3755,"Carrots, Orange Bulk",30,3162,30,False,False
10/18/2021,D2D,3755,"Carrots, Orange Bulk",30,3162,0,True,True
10/18/2021,RSV,3755,"Carrots, Orange Bulk",15,3162,15,False,False
10/18/2021,YMF,3813,"Greens, Kale-24 ct",38,3600,38,True,False
10/18/2021,YMF,3178,"Radishes, Daikon",25,3000,25,True,False
10/18/2021,SGC,3188,"Squash, Winter, Butternut",25,2465,25,,
10/18/2021,LXF,3613,"Beets, Bulk",18,2631,18,,
10/18/2021,LXF,3171,"Potatoes, Yellow",10,5000,0,,
10/18/2021,MKV,3171,"Potatoes, Yellow",10,5000,0,,
10/18/2021,CVP,3171,"Potatoes, Yellow",10,5000,0,False,False
10/18/2021,MHG,3178,"Radishes, Daikon",25,3000,0,True,True
10/18/2021,PBY,3613,"Beets, Bulk",16,2631,16,False,False
10/18/2021,SGC,3188,"Squash, Winter, Butternut",25,2465,25,,
10/18/2021,CLP,3613,"Beets, Bulk",16,2631,16,False,True
10/18/2021,PBY,3592,Broccoli,42,3145,0,False,False
10/18/2021,MHG,3613,"Beets, Bulk",16,2631,0,True,True
10/18/2021,CBS,3188,"Squash, Winter, Butternut",25,2465,25,True,True
10/18/2021,NTN,3171,"Potatoes, Yellow",10,5000,0,False,False
10/25/2021,SGC,3188,"Squash, Winter, Butternut",25,2465,25,,
10/25/2021,SGC,3188,"Squash, Winter, Butternut",25,2465,24,,
10/25/2021,LXF,3132,"Carrots, Rainbow Bulk",24,3162,0,,
10/25/2021,LXF,3132,"Carrots, Rainbow Bulk",60,3162,0,,
10/25/2021,HAF,3755,"Carrots, Orange Bulk",12,3162,0,False,True
10/25/2021,LXF,3613,"Beets, Bulk",18,2631,0,,
10/25/2021,PBY,3613,"Beets, Bulk",16,2631,16,False,False
10/25/2021,NTN,3755,"Carrots, Orange Bulk",30,3162,30,False,False
10/25/2021,MHG,3613,"Beets, Bulk",16,2631,0,True,True
10/25/2021,RSV,3755,"Carrots, Orange Bulk",15,3162,15,False,False
10/25/2021,D2D,3755,"Carrots, Orange Bulk",30,3162,0,True,True
10/25/2021,YMF,3755,"Carrots, Orange Bulk",15,3162,15,True,False
10/25/2021,CLP,3613,"Beets, Bulk",16,2631,16,False,True
10/25/2021,CBS,3188,"Squash, Winter, Butternut",25,2465,0,True,True
10/25/2021,CVP,3755,"Carrots, Orange Bulk",30,3162,30,False,False
10/25/2021,WKH,3132,"Carrots, Rainbow Bulk",12,3162,0,,
10/25/2021,WKH,3132,"Carrots, Rainbow Bulk",60,3162,0,,
10/25/2021,YMF,3132,"Carrots, Rainbow Bulk",12,3162,0,True,False
10/25/2021,MHG,3178,"Radishes, Daikon",25,3000,0,True,True
10/25/2021,SGC,3188,"Squash, Winter, Butternut",25,2465,0,,
10/25/2021,YMF,3178,"Radishes, Daikon",25,3000,25,True,False
10/4/2021,WKH,3132,"Carrots, Rainbow Bulk",12,3162,0,,
10/4/2021,CBS,3188,"Squash, Winter, Butternut",25,2465,0,True,True
10/4/2021,LXF,3759,"Onions, Bulb",20,4000,20,,
10/4/2021,SGC,3189,"Squash, Winter, Delicata",25,3500,25,,
10/4/2021,LXF,3132,"Carrots, Rainbow Bulk",24,3162,0,,
10/4/2021,SEE,3188,"Squash, Winter, Butternut",68,2465,68,True,True
10/4/2021,MLG,3759,"Onions, Bulb",20,4000,20,False,False
10/4/2021,SXF,3759,"Onions, Bulb",20,4000,0,False,False
10/4/2021,CLP,3613,"Beets, Bulk",16,2631,16,False,True
10/4/2021,SGC,3188,"Squash, Winter, Butternut",25,2465,0,,
10/4/2021,YMF,3759,"Onions, Bulb",20,4000,20,True,False
10/4/2021,NTN,3807,Cauliflower,23,2300,0,False,False
10/4/2021,YMF,3132,"Carrots, Rainbow Bulk",12,3162,12,True,False
10/4/2021,NTN,3171,"Potatoes, Yellow",10,5000,10,False,False
10/4/2021,YMF,3189,"Squash, Winter, Delicata",25,3500,10,True,False
10/4/2021,LXF,3613,"Beets, Bulk",18,2631,0,,
10/4/2021,SGC,3759,"Onions, Bulb",20,4000,20,,
10/4/2021,WKH,3132,"Carrots, Rainbow Bulk",60,3162,0,,
10/4/2021,LXF,3132,"Carrots, Rainbow Bulk",60,3162,0,,
10/4/2021,YMF,3755,"Carrots, Orange Bulk",15,3162,0,True,False
10/4/2021,MHG,3613,"Beets, Bulk",16,2631,0,True,True
10/4/2021,CVP,3171,"Potatoes, Yellow",10,5000,0,False,False
10/4/2021,NTN,3079,Brussels Sprouts,10,4216,10,False,False
10/4/2021,SGC,3188,"Squash, Winter, Butternut",25,2465,0,,
10/4/2021,CVP,3755,"Carrots, Orange Bulk",30,3162,5,False,False
10/4/2021,PBY,3592,Broccoli,42,3145,0,False,False
10/4/2021,SGC,3188,"Squash, Winter, Butternut",25,2465,0,,
10/4/2021,HAF,3755,"Carrots, Orange Bulk",12,3162,0,False,True
10/4/2021,LXF,3171,"Potatoes, Yellow",10,5000,10,,
10/4/2021,D2D,3079,Brussels Sprouts,10,4216,0,True,True
10/4/2021,LXF,3079,Brussels Sprouts,40,4216,40,,
10/4/2021,D2D,3755,"Carrots, Orange Bulk",30,3162,0,True,True
10/4/2021,MKV,3171,"Potatoes, Yellow",10,5000,0,,
10/4/2021,SGC,3189,"Squash, Winter, Delicata",25,3500,25,,
10/4/2021,NTN,3755,"Carrots, Orange Bulk",30,3162,16,False,False
10/4/2021,SGC,3189,"Squash, Winter, Delicata",25,3500,25,,
10/4/2021,RSV,3755,"Carrots, Orange Bulk",15,3162,0,False,False
10/4/2021,PBY,3613,"Beets, Bulk",16,2631,0,False,False
10/4/2021,YMF,3079,Brussels Sprouts,30,4216,29,True,False
11/1/2021,MLG,3759,"Onions, Bulb",20,4000,0,False,False
11/1/2021,LXF,3759,"Onions, Bulb",20,4000,20,,
11/1/2021,NTN,3754,Cabbage,15,3400,15,False,False
11/1/2021,D2D,3754,Cabbage,15,3400,0,True,True
11/1/2021,SGC,3759,"Onions, Bulb",20,4000,0,,
11/1/2021,SXF,3759,"Onions, Bulb",20,4000,0,False,False
11/1/2021,SEE,3188,"Squash, Winter, Butternut",68,2465,30,True,True
11/1/2021,YMF,3178,"Radishes, Daikon",25,3000,5,True,False
11/1/2021,YMF,3759,"Onions, Bulb",20,4000,0,True,False
11/1/2021,AFC,3754,Cabbage,5,3400,0,True,True
11/1/2021,SGC,3754,Cabbage,15,3400,0,,
11/1/2021,SGC,3189,"Squash, Winter, Delicata",25,3500,0,,
11/1/2021,SGC,3189,"Squash, Winter, Delicata",25,3500,0,,
11/1/2021,SGC,3189,"Squash, Winter, Delicata",25,3500,0,,
11/1/2021,MHG,3178,"Radishes, Daikon",25,3000,0,True,True
11/1/2021,YMF,3189,"Squash, Winter, Delicata",25,3500,0,True,False
11/15/2021,AFC,3754,Cabbage,5,3400,0,True,True
11/15/2021,LXF,3759,"Onions, Bulb",20,4000,0,,
11/15/2021,D2D,3754,Cabbage,15,3400,0,True,True
11/15/2021,MLG,3759,"Onions, Bulb",20,4000,0,False,False
11/15/2021,SGC,3759,"Onions, Bulb",20,4000,0,,
11/15/2021,YMF,3759,"Onions, Bulb",20,4000,0,True,False
11/15/2021,SXF,3759,"Onions, Bulb",20,4000,0,False,False
11/15/2021,SGC,3754,Cabbage,15,3400,0,,
11/15/2021,NTN,3754,Cabbage,15,3400,15,False,False
11/15/2021,SEE,9998,"Greens, Spinach",75,4440,0,True,True
11/22/2021,SEE,3188,"Squash, Winter, Butternut",68,2465,0,True,True
11/22/2021,LXF,3132,"Carrots, Rainbow Bulk",24,3162,0,,
11/22/2021,D2D,3754,Cabbage,15,3400,0,True,True
11/22/2021,SGC,3754,Cabbage,15,3400,0,,
11/22/2021,WKH,3132,"Carrots, Rainbow Bulk",12,3162,0,,
11/22/2021,AFC,3754,Cabbage,5,3400,0,True,True
11/22/2021,NTN,3754,Cabbage,15,3400,15,False,False
11/29/2021,SEE,9998,"Greens, Spinach",75,4440,0,True,True
11/8/2021,SGC,3188,"Squash, Winter, Butternut",25,2465,25,,
11/8/2021,SEE,3806,"Lettuce, Salanova",75,3600,0,True,True
11/8/2021,SGC,3188,"Squash, Winter, Butternut",25,2465,0,,
11/8/2021,SGC,3759,"Onions, Bulb",7,4000,0,,
11/8/2021,SGC,3759,"Onions, Bulb",20,4000,0,,
11/8/2021,MKV,3759,"Onions, Bulb",20,4000,0,,
11/8/2021,SGC,3759,"Onions, Bulb",8,4000,0,,
11/8/2021,PBY,3759,"Onions, Bulb",20,4000,0,False,False
11/8/2021,SGC,3188,"Squash, Winter, Butternut",25,2465,0,,
11/8/2021,SGC,3759,"Onions, Bulb",20,4000,0,,
11/8/2021,WKH,3759,"Onions, Bulb",20,4000,0,,
11/8/2021,SGC,3759,"Onions, Bulb",8,4000,0,,
11/8/2021,CBS,3188,"Squash, Winter, Butternut",25,2465,0,True,True
11/8/2021,LXF,3132,"Carrots, Rainbow Bulk",40,3162,0,,
11/8/2021,AFC,3754,Cabbage,15,3400,0,True,True
11/8/2021,D2D,3754,Cabbage,15,3400,0,True,True
11/8/2021,NTN,3754,Cabbage,15,3400,0,False,False
11/8/2021,SGC,3754,Cabbage,5,3400,0,,
6/14/2021,CHO,3278,"Radishes, bunched-24 ct",30,3375,30,False,True
6/14/2021,YMF,3266,"Onions, Green or Scallions-24 ct",11,2880,11,True,False
6/14/2021,SGC,3266,"Onions, Green or Scallions-24 ct",5,2880,5,,
6/14/2021,NTN,3266,"Onions, Green or Scallions-24 ct",11,2880,11,False,False
6/14/2021,SEE,3304,Garlic scapes,38,4800,0,True,True
6/14/2021,YMF,3813,"Greens, Kale-24 ct",38,3600,24,True,False
6/14/2021,HAF,3266,"Onions, Green or Scallions-24 ct",6,2880,6,False,True
6/14/2021,KLF,3278,"Radishes, bunched-24 ct",10,3375,10,,
6/14/2021,CVP,3266,"Onions, Green or Scallions-24 ct",5,2880,5,False,False
6/14/2021,POG,3775,Kohlrabi,36,3000,0,,
6/14/2021,DTF,3806,"Lettuce, Head-24 ct",15,3600,0,False,True
6/14/2021,WKH,3806,"Lettuce, Head-24 ct",5,3600,5,,
6/21/2021,CBS,3278,"Radishes, bunched-24 ct",10,3375,10,True,True
6/21/2021,WKH,3806,"Lettuce, Head-24 ct",5,3600,5,,
6/21/2021,PBY,3573,Bok Choi,30,4000,0,False,False
6/21/2021,WKH,3573,Bok Choi,10,4000,10,,
6/21/2021,WKH,3806,"Lettuce, Head-24 ct",13,3600,13,,
6/21/2021,YMF,3806,"Lettuce, Head-24 ct",15,3600,15,True,False
6/21/2021,YMF,3806,"Lettuce, Head-24 ct",23,3600,0,True,False
6/21/2021,CHO,3806,"Lettuce, Head-24 ct",15,3600,0,False,True
6/21/2021,SGC,3266,"Onions, Green or Scallions-24 ct",5,2880,5,,
6/21/2021,HAF,3806,"Lettuce, Head-24 ct",10,3600,10,False,True
6/21/2021,NTN,3266,"Onions, Green or Scallions-24 ct",7,2880,7,False,False
6/21/2021,DTF,3806,"Lettuce, Head-24 ct",15,3600,0,False,True
6/21/2021,CHO,3266,"Onions, Green or Scallions-24 ct",5,2880,5,False,True
6/21/2021,CVP,3266,"Onions, Green or Scallions-24 ct",5,2880,5,False,False
6/21/2021,HAF,3266,"Onions, Green or Scallions-24 ct",5,2880,5,False,True
6/21/2021,YMF,3266,"Onions, Green or Scallions-24 ct",11,2880,0,True,False
6/21/2021,POG,3669,"Greens, Chard",38,3600,38,,
6/21/2021,KLF,3278,"Radishes, bunched-24 ct",10,3375,10,,
6/21/2021,MHG,3278,"Radishes, bunched-24 ct",5,3375,0,True,True
6/21/2021,D2D,3278,"Radishes, bunched-24 ct",5,3375,5,True,True
6/28/2021,WKH,3573,Bok Choi,45,4000,10,,
6/28/2021,WKH,3806,"Lettuce, Head-24 ct",15,3600,0,,
6/28/2021,CHO,3266,"Onions, Green or Scallions-24 ct",5,2880,0,False,True
6/28/2021,YMF,3216,Rhubarb,36,6000,0,True,False
6/28/2021,MHG,3278,"Radishes, bunched-24 ct",7,3375,0,True,True
6/28/2021,HAF,3266,"Onions, Green or Scallions-24 ct",7,2880,7,False,True
6/28/2021,D2D,3278,"Radishes, bunched-24 ct",5,3375,5,True,True
6/28/2021,CVP,3266,"Onions, Green or Scallions-24 ct",5,2880,5,False,False
6/28/2021,NTN,3266,"Onions, Green or Scallions-24 ct",5,2880,5,False,False
6/28/2021,SEE,9999,Cilantro,19,3600,0,True,True
6/28/2021,KLF,3278,"Radishes, bunched-24 ct",5,3375,5,,
6/28/2021,DTF,3806,"Lettuce, Head-24 ct",15,3600,0,False,True
6/28/2021,CHO,3278,"Radishes, bunched-24 ct",30,3375,0,False,True
6/28/2021,CBS,3278,"Radishes, bunched-24 ct",15,3375,10,True,True
6/28/2021,YMF,3806,"Lettuce, Head-24 ct",5,3600,0,True,False
6/28/2021,CHO,3806,"Lettuce, Head-24 ct",15,3600,0,False,True
6/28/2021,SGC,3266,"Onions, Green or Scallions-24 ct",5,2880,5,,
6/28/2021,POG,3806,"Lettuce, Head-24 ct",38,3600,0,,
6/28/2021,WKH,3278,"Radishes, bunched-24 ct",8,3375,0,,
6/28/2021,YMF,3266,"Onions, Green or Scallions-24 ct",11,2880,11,True,False
6/7/2021,CHO,3266,"Onions, Green or Scallions-24 ct",5,2880,0,False,True
6/7/2021,HAF,3266,"Onions, Green or Scallions-24 ct",5,2880,0,False,True
6/7/2021,CVP,3266,"Onions, Green or Scallions-24 ct",5,2880,0,False,False
6/7/2021,POG,3806,"Lettuce, Head-24 ct",38,3600,19,,
6/7/2021,NTN,3266,"Onions, Green or Scallions-24 ct",6,2880,0,False,False
6/7/2021,NTN,3813,"Greens, Kale-24 ct",15,3600,0,False,False
6/7/2021,YMF,3806,"Lettuce, Head-24 ct",38,3600,0,True,False
6/7/2021,YMF,3266,"Onions, Green or Scallions-24 ct",12,2880,0,True,False
6/7/2021,KLF,3278,"Radishes, bunched-24 ct",8,3375,0,,
6/7/2021,SGC,3266,"Onions, Green or Scallions-24 ct",5,2880,0,,
7/12/2021,D2D,3278,"Radishes, bunched-24 ct",5,3375,5,True,True
7/12/2021,HAF,3361,"Cucumbers, Slicing",38,2000,13,False,True
7/12/2021,CHO,3361,"Cucumbers, Slicing",30,2000,0,False,True
7/12/2021,CLP,3361,"Cucumbers, Slicing",6,2000,0,False,True
7/12/2021,MHG,3361,"Cucumbers, Slicing",30,2000,0,True,True
7/12/2021,D2D,3184,"Squash, Summer, Zucchini",30,2000,9,True,True
7/12/2021,D2D,3138,"Greens, Collard-24 ct",10,3600,10,True,True
7/12/2021,SGC,3184,"Squash, Summer, Zucchini",6,2000,6,,
7/12/2021,CBS,3278,"Radishes, bunched-24 ct",20,3375,5,True,True
7/12/2021,WKH,3361,"Cucumbers, Slicing",30,2000,0,,
7/12/2021,AFC,3138,"Greens, Collard-24 ct",5,3600,3,True,True
7/12/2021,WKH,3184,"Squash, Summer, Zucchini",30,2000,20,,
7/12/2021,HAF,3278,"Radishes, bunched-24 ct",10,3375,3,False,True
7/12/2021,SEE,3202,"Tomatoes, Slicing",23,4000,0,True,True
7/12/2021,CBS,3361,"Cucumbers, Slicing",30,2000,0,True,True
7/12/2021,MHG,3184,"Squash, Summer, Zucchini",30,2000,11,True,True
7/12/2021,SGC,3361,"Cucumbers, Slicing",6,2000,6,,
7/12/2021,MHG,3278,"Radishes, bunched-24 ct",5,3375,0,True,True
7/12/2021,KLF,3278,"Radishes, bunched-24 ct",20,3375,20,,
7/12/2021,AFC,3184,"Squash, Summer, Zucchini",6,2000,3,True,True
7/12/2021,LXF,3184,"Squash, Summer, Zucchini",30,2000,30,,
7/12/2021,HAF,3138,"Greens, Collard-24 ct",38,3600,38,False,True
7/12/2021,MLG,3138,"Greens, Collard-24 ct",10,3600,7,False,False
7/19/2021,CBS,3361,"Cucumbers, Slicing",30,2000,7,True,True
7/19/2021,YMF,3184,"Squash, Summer, Zucchini",30,2000,10,True,False
7/19/2021,WKH,3184,"Squash, Summer, Zucchini",30,2000,17,,
7/19/2021,WKH,3184,"Squash, Summer, Zucchini",15,2000,0,,
7/19/2021,D2D,3278,"Radishes, bunched-24 ct",5,3375,2,True,True
7/19/2021,CBS,3278,"Radishes, bunched-24 ct",20,3375,4,True,True
7/19/2021,LXF,3184,"Squash, Summer, Zucchini",30,2000,30,,
7/19/2021,SGC,3184,"Squash, Summer, Zucchini",6,2000,6,,
7/19/2021,SEE,3202,"Tomatoes, Slicing",23,4000,23,True,True
7/19/2021,UNK,3754,Cabbage,10,3400,0,False,False
7/19/2021,MHG,3278,"Radishes, bunched-24 ct",5,3375,0,True,True
7/19/2021,MHG,3361,"Cucumbers, Slicing",30,2000,0,True,True
7/19/2021,CHO,3361,"Cucumbers, Slicing",30,2000,0,False,True
7/19/2021,D2D,3184,"Squash, Summer, Zucchini",30,2000,9,True,True
7/19/2021,KLF,3278,"Radishes, bunched-24 ct",20,3375,20,,
7/19/2021,AFC,3184,"Squash, Summer, Zucchini",6,2000,3,True,True
7/19/2021,CLP,3361,"Cucumbers, Slicing",6,2000,6,False,True
7/19/2021,MHG,3184,"Squash, Summer, Zucchini",30,2000,0,True,True
7/19/2021,LXF,3361,"Cucumbers, Slicing",30,2000,0,,
7/19/2021,CHO,3754,Cabbage,10,3400,0,False,True
7/19/2021,SGC,3361,"Cucumbers, Slicing",6,2000,6,,
7/19/2021,WKH,3361,"Cucumbers, Slicing",30,2000,30,,
7/19/2021,NTN,3813,"Greens, Kale-24 ct",10,3600,10,False,False
7/19/2021,D2D,3813,"Greens, Kale-24 ct",10,3600,10,True,True
7/19/2021,HAF,3364,"Greens, Mustard-24 ct",38,3600,0,False,True
7/19/2021,CHO,3813,"Greens, Kale-24 ct",10,3600,0,False,True
7/19/2021,WKH,3361,"Cucumbers, Slicing",15,2000,1,,
7/19/2021,CLP,3813,"Greens, Kale-24 ct",10,3600,10,False,True
7/19/2021,PLT,3813,"Greens, Kale-24 ct",10,3600,10,False,False
7/26/2021,UNK,3759,"Onions, Bulb",10,4000,0,False,False
7/26/2021,WKH,3361,"Cucumbers, Slicing",30,2000,0,,
7/26/2021,POG,9999,Cilantro,38,3600,0,,
7/26/2021,D2D,3184,"Squash, Summer, Zucchini",30,2000,10,True,True
7/26/2021,LXF,3184,"Squash, Summer, Zucchini",30,2000,30,,
7/26/2021,CHO,3361,"Cucumbers, Slicing",30,2000,0,False,True
7/26/2021,MLG,3401,"Beans, Green, Yellow or Purple",15,6250,15,False,False
7/26/2021,MKV,3759,"Onions, Bulb",15,4000,0,,
7/26/2021,MLP,3759,"Onions, Bulb",15,4000,0,,
7/26/2021,CLP,3361,"Cucumbers, Slicing",6,2000,6,False,True
7/26/2021,PBY,3401,"Beans, Green, Yellow or Purple",15,6250,15,False,False
7/26/2021,AFC,3184,"Squash, Summer, Zucchini",6,2000,6,True,True
7/26/2021,MHG,3184,"Squash, Summer, Zucchini",30,2000,0,True,True
7/26/2021,SGC,3828,"Peppers, Green Bell",15,3500,0,,
7/26/2021,CBS,3361,"Cucumbers, Slicing",30,2000,0,True,True
7/26/2021,HAF,3401,"Beans, Green, Yellow or Purple",5,6250,5,False,True
7/26/2021,MHG,3361,"Cucumbers, Slicing",30,2000,0,True,True
7/26/2021,SGC,3828,"Peppers, Green Bell",15,3500,0,,
7/26/2021,WKH,3184,"Squash, Summer, Zucchini",30,2000,0,,
7/26/2021,SGC,3361,"Cucumbers, Slicing",6,2000,6,,
7/26/2021,CBS,3153,"Peppers, Jalapeño",6,2550,6,True,True
7/26/2021,CBS,3404,Tomatillos,90,2800,90,True,True
7/26/2021,D2D,3401,"Beans, Green, Yellow or Purple",15,6250,15,True,True
7/26/2021,SGC,3828,"Peppers, Green Bell",15,3500,0,,
7/26/2021,SGC,3184,"Squash, Summer, Zucchini",6,2000,6,,
7/26/2021,SEE,3202,"Tomatoes, Slicing",23,4000,23,True,True
7/5/2021,WKH,3806,"Lettuce, Head-24 ct",5,3600,0,,
7/5/2021,YMF,3401,"Beans, Green, Yellow or Purple",18,6250,0,True,False
7/5/2021,D2D,3278,"Radishes, bunched-24 ct",5,3375,4,True,True
7/5/2021,MHG,3278,"Radishes, bunched-24 ct",5,3375,0,True,True
7/5/2021,CHO,3266,"Onions, Green or Scallions-24 ct",11,2880,0,False,True
7/5/2021,SEE,3326,Fennel,38,4200,30,True,True
7/5/2021,CBS,3278,"Radishes, bunched-24 ct",20,3375,0,True,True
7/5/2021,YMF,3099,Beets w/greens,75,3600,0,True,False
7/5/2021,CVP,3266,"Onions, Green or Scallions-24 ct",11,2880,11,False,False
7/5/2021,YMF,3266,"Onions, Green or Scallions-24 ct",11,2880,0,True,False
7/5/2021,SGC,3266,"Onions, Green or Scallions-24 ct",11,2880,11,,
7/5/2021,NTN,3266,"Onions, Green or Scallions-24 ct",11,2880,11,False,False
7/5/2021,KLF,3278,"Radishes, bunched-24 ct",8,3375,0,,
7/5/2021,HAF,3266,"Onions, Green or Scallions-24 ct",11,2880,11,False,True
7/5/2021,WKH,3806,"Lettuce, Head-24 ct",13,3600,0,,
7/5/2021,CHO,3806,"Lettuce, Head-24 ct",15,3600,0,False,True
7/5/2021,YMF,3775,Kohlrabi,18,3000,15,True,False
7/5/2021,CHO,3806,"Lettuce, Head-24 ct",15,3600,0,False,True
7/5/2021,HAF,3806,"Lettuce, Head-24 ct",10,3600,10,False,True
7/5/2021,WKH,3361,"Cucumbers, Slicing",15,2000,0,,
7/5/2021,LXF,3361,"Cucumbers, Slicing",30,2000,0,,
7/5/2021,YMF,3806,"Lettuce, Head-24 ct",15,3600,0,True,False
7/5/2021,DTF,3806,"Lettuce, Head-24 ct",15,3600,0,False,True
8/16/2021,CHO,3202,"Tomatoes, Slicing",9,4000,9,False,True
8/16/2021,AFC,3405,Okra,6,5100,0,True,True
8/16/2021,CLP,3813,"Greens, Kale-24 ct",10,3600,10,False,True
8/16/2021,PLT,3405,Okra,30,5100,30,False,False
8/16/2021,D2D,3813,"Greens, Kale-24 ct",10,3600,10,True,True
8/16/2021,NTN,3813,"Greens, Kale-24 ct",10,3600,10,False,False
8/16/2021,SGC,3361,"Cucumbers, Slicing",6,2000,6,,
8/16/2021,CHO,3828,"Peppers, Green Bell",20,3500,0,False,True
8/16/2021,KSL,3202,"Tomatoes, Slicing",12,4000,12,False,False
8/16/2021,CLP,3361,"Cucumbers, Slicing",6,2000,6,False,True
8/16/2021,PLT,3813,"Greens, Kale-24 ct",10,3600,10,False,False
8/16/2021,D2D,3758,"Eggplant, African (Bitter Ball)",33,2000,0,True,True
8/16/2021,PBY,3166,"Potatoes, Red",10,5000,0,False,False
8/16/2021,LXF,3166,"Potatoes, Red",10,5000,10,,
8/16/2021,MKV,3166,"Potatoes, Red",10,5000,10,,
8/16/2021,CLP,3828,"Peppers, Green Bell",10,3500,10,False,True
8/16/2021,CVP,3166,"Potatoes, Red",10,5000,10,False,False
8/16/2021,LXF,3449,"Peppers, Poblano",36,2500,0,,
8/16/2021,NTN,3828,"Peppers, Green Bell",20,3500,20,False,False
8/16/2021,SGC,3153,"Peppers, Jalapeño",20,2550,20,,
8/16/2021,SGC,3153,"Peppers, Jalapeño",10,2550,10,,
8/16/2021,MLG,3828,"Peppers, Green Bell",20,3500,20,False,False
8/16/2021,PLT,3153,"Peppers, Jalapeño",8,2550,8,False,False
8/16/2021,SGC,3828,"Peppers, Green Bell",10,3500,4,,
8/16/2021,MHG,3153,"Peppers, Jalapeño",8,2550,8,True,True
8/16/2021,CBS,3153,"Peppers, Jalapeño",20,2550,20,True,True
8/16/2021,SGC,3828,"Peppers, Green Bell",10,3500,0,,
8/16/2021,CHO,3813,"Greens, Kale-24 ct",10,3600,0,False,True
8/16/2021,MHG,3361,"Cucumbers, Slicing",30,2000,0,True,True
8/16/2021,D2D,3138,"Greens, Collard-24 ct",10,3600,9,True,True
8/16/2021,MLP,3202,"Tomatoes, Slicing",12,4000,9,,
8/16/2021,AFC,3138,"Greens, Collard-24 ct",5,3600,5,True,True
8/16/2021,POG,3717,"Eggplant, Globe",36,3162,0,,
8/16/2021,CHO,3361,"Cucumbers, Slicing",30,2000,30,False,True
8/16/2021,SGC,3828,"Peppers, Green Bell",10,3500,0,,
8/16/2021,WKH,3361,"Cucumbers, Slicing",30,2000,0,,
8/16/2021,PLT,3758,"Eggplant, African (Bitter Ball)",33,2000,33,False,False
8/16/2021,KLF,3364,"Greens, Mustard-24 ct",10,3600,10,,
8/16/2021,LXF,3539,Ground cherries,75,3360,62,,
8/16/2021,PBY,3202,"Tomatoes, Slicing",12,4000,12,False,False
8/16/2021,CHO,3364,"Greens, Mustard-24 ct",5,3600,0,False,True
8/16/2021,MLG,3138,"Greens, Collard-24 ct",10,3600,10,False,False
8/16/2021,CBS,3361,"Cucumbers, Slicing",30,2000,23,True,True
8/16/2021,PLT,3364,"Greens, Mustard-24 ct",10,3600,10,False,False
8/16/2021,POG,3669,"Greens, Chard",38,3600,38,,
8/2/2021,SEE,3202,"Tomatoes, Slicing",23,4000,23,True,True
8/2/2021,D2D,3184,"Squash, Summer, Zucchini",30,2000,12,True,True
8/2/2021,YMF,3717,"Eggplant, Globe",18,3162,0,True,False
8/2/2021,MHG,3361,"Cucumbers, Slicing",30,2000,0,True,True
8/2/2021,CLP,3717,"Eggplant, Globe",18,3162,0,False,True
8/2/2021,CHO,3361,"Cucumbers, Slicing",30,2000,15,False,True
8/2/2021,CBS,3361,"Cucumbers, Slicing",30,2000,20,True,True
8/2/2021,CLP,3813,"Greens, Kale-24 ct",10,3600,10,False,True
8/2/2021,CBS,3404,Tomatillos,66,2800,66,True,True
8/2/2021,WKH,3361,"Cucumbers, Slicing",30,2000,14,,
8/2/2021,CHO,3813,"Greens, Kale-24 ct",10,3600,0,False,True
8/2/2021,HAF,3138,"Greens, Collard-24 ct",38,3600,38,False,True
8/2/2021,WKH,3184,"Squash, Summer, Zucchini",30,2000,27,,
8/2/2021,SGC,3361,"Cucumbers, Slicing",6,2000,6,,
8/2/2021,MHG,3184,"Squash, Summer, Zucchini",30,2000,0,True,True
8/2/2021,D2D,3813,"Greens, Kale-24 ct",10,3600,10,True,True
8/2/2021,LXF,3361,"Cucumbers, Slicing",30,2000,0,,
8/2/2021,SGC,3184,"Squash, Summer, Zucchini",6,2000,6,,
8/2/2021,NTN,3813,"Greens, Kale-24 ct",10,3600,10,False,False
8/2/2021,PLT,3813,"Greens, Kale-24 ct",10,3600,10,False,False
8/2/2021,LXF,3184,"Squash, Summer, Zucchini",30,2000,30,,
8/2/2021,CLP,3361,"Cucumbers, Slicing",6,2000,6,False,True
8/2/2021,WKH,3361,"Cucumbers, Slicing",15,2000,0,,
8/2/2021,AFC,3184,"Squash, Summer, Zucchini",6,2000,6,True,True
8/23/2021,MKV,3171,"Potatoes, Yellow",10,5000,10,,
8/23/2021,PLT,3458,"Peppers, Habanero",25,3500,25,False,False
8/23/2021,MKV,3458,"Peppers, Habanero",25,3500,25,,
8/23/2021,CHO,3458,"Peppers, Habanero",8,3500,0,False,True
8/23/2021,HAF,3458,"Peppers, Habanero",8,3500,0,False,True
8/23/2021,SGC,3828,"Peppers, Green Bell",10,3500,10,,
8/23/2021,CBS,3153,"Peppers, Jalapeño",20,2550,20,True,True
8/23/2021,MHG,3153,"Peppers, Jalapeño",8,2550,8,True,True
8/23/2021,CLP,3717,"Eggplant, Globe",50,3162,50,False,True
8/23/2021,PLT,3758,"Eggplant, African (Bitter Ball)",33,2000,33,False,False
8/23/2021,KHF,3202,"Tomatoes, Slicing",13,4000,13,False,False
8/23/2021,LXF,3171,"Potatoes, Yellow",10,5000,0,,
8/23/2021,NTN,3171,"Potatoes, Yellow",10,5000,10,False,False
8/23/2021,HAF,3613,"Beets, Bulk",36,2631,36,False,True
8/23/2021,SGC,3201,"Tomatoes, Roma",20,3500,20,,
8/23/2021,CVP,3171,"Potatoes, Yellow",10,5000,10,False,False
8/23/2021,YMF,3717,"Eggplant, Globe",25,3162,25,True,False
8/23/2021,UNK,3184,"Squash, Summer, Zucchini",45,2000,0,False,False
8/23/2021,MLP,3166,"Potatoes, Red",9,5000,9,,
8/23/2021,KHF,3166,"Potatoes, Red",9,5000,0,False,False
8/23/2021,SGC,3153,"Peppers, Jalapeño",20,2550,20,,
8/23/2021,KLF,3717,"Eggplant, Globe",25,3162,25,,
8/23/2021,SGC,3153,"Peppers, Jalapeño",10,2550,10,,
8/23/2021,SGC,3153,"Peppers, Jalapeño",9,2550,9,,
8/23/2021,PLT,3153,"Peppers, Jalapeño",8,2550,8,False,False
8/23/2021,DTF,3202,"Tomatoes, Slicing",53,4000,53,False,True
8/23/2021,D2D,3758,"Eggplant, African (Bitter Ball)",33,2000,0,True,True
8/23/2021,PLT,3405,Okra,30,5100,30,False,False
8/23/2021,AFC,3201,"Tomatoes, Roma",6,3500,6,True,True
8/23/2021,CLP,3828,"Peppers, Green Bell",10,3500,10,False,True
8/23/2021,SGC,3828,"Peppers, Green Bell",10,3500,10,,
8/23/2021,AFC,3405,Okra,6,5100,0,True,True
8/23/2021,CHO,3828,"Peppers, Green Bell",20,3500,0,False,True
8/23/2021,HAF,3364,"Greens, Mustard-24 ct",38,3600,0,False,True
8/23/2021,CBS,3404,Tomatillos,66,2800,0,True,True
8/23/2021,MLG,3828,"Peppers, Green Bell",20,3500,20,False,False
8/23/2021,CHO,3200,"Tomatoes, Grape, 12 ct Pint",20,3000,20,False,True
8/23/2021,CBS,3201,"Tomatoes, Roma",20,3500,20,True,True
8/23/2021,NTN,3828,"Peppers, Green Bell",20,3500,20,False,False
8/23/2021,SGC,3091,"Melon, Honeydew",50,2010,30,,
8/23/2021,MHG,3200,"Tomatoes, Grape, 12 ct Pint",25,3000,25,True,True
8/23/2021,SGC,3091,"Melon, Honeydew",38,2010,0,,
8/23/2021,SGC,3828,"Peppers, Green Bell",10,3500,1,,
8/23/2021,CBS,3201,"Tomatoes, Roma",20,3500,0,True,True
8/23/2021,AFC,3200,"Tomatoes, Grape, 12 ct Pint",10,3000,0,True,True
8/30/2021,CVP,3755,"Carrots, Orange Bulk",30,3162,29,False,False
8/30/2021,CLP,3828,"Peppers, Green Bell",10,3500,10,False,True
8/30/2021,SGC,3201,"Tomatoes, Roma",20,3500,20,,
8/30/2021,AFC,3200,"Tomatoes, Grape, 12 ct Pint",10,3000,0,True,True
8/30/2021,CVP,3166,"Potatoes, Red",10,5000,10,False,False
8/30/2021,POG,3755,"Carrots, Orange Bulk",36,3162,0,,
8/30/2021,SGC,3153,"Peppers, Jalapeño",20,2550,20,,
8/30/2021,LXF,3166,"Potatoes, Red",10,5000,10,,
8/30/2021,MKV,3166,"Potatoes, Red",10,5000,10,,
8/30/2021,CBS,3201,"Tomatoes, Roma",20,3500,20,True,True
8/30/2021,CHO,3828,"Peppers, Green Bell",20,3500,6,False,True
8/30/2021,PBY,3166,"Potatoes, Red",10,5000,0,False,False
8/30/2021,CBS,3201,"Tomatoes, Roma",20,3500,0,True,True
8/30/2021,CHO,3200,"Tomatoes, Grape, 12 ct Pint",18,3000,18,False,True
8/30/2021,KHF,3202,"Tomatoes, Slicing",13,4000,13,False,False
8/30/2021,CHO,3200,"Tomatoes, Grape, 12 ct Pint",20,3000,20,False,True
8/30/2021,YMF,3755,"Carrots, Orange Bulk",30,3162,30,True,False
8/30/2021,SGC,3759,"Onions, Bulb",20,4000,11,,
8/30/2021,AFC,3201,"Tomatoes, Roma",6,3500,6,True,True
8/30/2021,WKH,3200,"Tomatoes, Grape, 12 ct Pint",16,3000,16,,
8/30/2021,YMF,3759,"Onions, Bulb",20,4000,0,True,False
8/30/2021,SXF,3759,"Onions, Bulb",20,4000,20,False,False
8/30/2021,CBS,3404,Tomatillos,90,2800,0,True,True
8/30/2021,CVP,3200,"Tomatoes, Grape, 12 ct Pint",16,3000,0,False,False
8/30/2021,MLG,3759,"Onions, Bulb",20,4000,20,False,False
8/30/2021,NTN,3828,"Peppers, Green Bell",20,3500,20,False,False
8/30/2021,RSV,3755,"Carrots, Orange Bulk",15,3162,15,False,False
8/30/2021,KHF,3759,"Onions, Bulb",23,4000,0,False,False
8/30/2021,SGC,3828,"Peppers, Green Bell",12,3500,12,,
8/30/2021,CBS,3153,"Peppers, Jalapeño",6,2550,6,True,True
8/30/2021,CBS,3153,"Peppers, Jalapeño",20,2550,20,True,True
8/30/2021,CHO,3458,"Peppers, Habanero",8,3500,0,False,True
8/30/2021,D2D,3200,"Tomatoes, Grape, 12 ct Pint",16,3000,16,True,True
8/30/2021,MHG,3200,"Tomatoes, Grape, 12 ct Pint",25,3000,25,True,True
8/30/2021,PLT,3458,"Peppers, Habanero",25,3500,25,False,False
8/30/2021,MKV,3458,"Peppers, Habanero",25,3500,0,,
8/30/2021,MHG,3153,"Peppers, Jalapeño",8,2550,8,True,True
8/30/2021,SGC,3828,"Peppers, Green Bell",10,3500,10,,
8/30/2021,LXF,3759,"Onions, Bulb",20,4000,20,,
8/30/2021,SGC,3828,"Peppers, Green Bell",12,3500,8,,
8/30/2021,SGC,3828,"Peppers, Green Bell",10,3500,0,,
8/30/2021,PLT,3153,"Peppers, Jalapeño",8,2550,8,False,False
8/30/2021,D2D,3755,"Carrots, Orange Bulk",27,3162,0,True,True
8/30/2021,HAF,3458,"Peppers, Habanero",8,3500,8,False,True
8/30/2021,SGC,3091,"Melon, Honeydew",50,2010,0,,
8/30/2021,DTF,3202,"Tomatoes, Slicing",53,4000,53,False,True
8/30/2021,SGC,3828,"Peppers, Green Bell",10,3500,0,,
8/30/2021,SGC,3828,"Peppers, Green Bell",12,3500,0,,
8/30/2021,NTN,3755,"Carrots, Orange Bulk",30,3162,30,False,False
8/30/2021,SGC,3153,"Peppers, Jalapeño",10,2550,10,,
8/30/2021,MLG,3828,"Peppers, Green Bell",20,3500,20,False,False
8/9/2021,D2D,3758,"Eggplant, African (Bitter Ball)",33,2000,0,True,True
8/9/2021,MHG,3361,"Cucumbers, Slicing",30,2000,0,True,True
8/9/2021,MKV,3759,"Onions, Bulb",20,4000,20,,
8/9/2021,CHO,3361,"Cucumbers, Slicing",30,2000,15,False,True
8/9/2021,PBY,3401,"Beans, Green, Yellow or Purple",15,6250,15,False,False
8/9/2021,YMF,3401,"Beans, Green, Yellow or Purple",5,6250,5,True,False
8/9/2021,MLG,3401,"Beans, Green, Yellow or Purple",15,6250,15,False,False
8/9/2021,SGC,3759,"Onions, Bulb",20,4000,20,,
8/9/2021,PLT,3758,"Eggplant, African (Bitter Ball)",33,2000,0,False,False
8/9/2021,WKH,3759,"Onions, Bulb",20,4000,0,,
8/9/2021,D2D,3401,"Beans, Green, Yellow or Purple",15,6250,15,True,True
8/9/2021,WKH,3184,"Squash, Summer, Zucchini",30,2000,12,,
8/9/2021,PBY,3759,"Onions, Bulb",20,4000,20,False,False
8/9/2021,SGC,3759,"Onions, Bulb",20,4000,0,,
8/9/2021,MHG,3184,"Squash, Summer, Zucchini",30,2000,30,True,True
8/9/2021,SGC,3184,"Squash, Summer, Zucchini",6,2000,6,,
8/9/2021,KHF,3759,"Onions, Bulb",23,4000,23,False,False
8/9/2021,WKH,3184,"Squash, Summer, Zucchini",15,2000,0,,
8/9/2021,LXF,3828,"Peppers, Green Bell",36,3500,36,,
8/9/2021,CLP,3361,"Cucumbers, Slicing",6,2000,6,False,True
8/9/2021,YMF,3132,"Carrots, Rainbow Bulk",18,3162,0,True,False
8/9/2021,LXF,3184,"Squash, Summer, Zucchini",30,2000,30,,
8/9/2021,SGC,3361,"Cucumbers, Slicing",6,2000,6,,
8/9/2021,WKH,3132,"Carrots, Rainbow Bulk",18,3162,0,,
8/9/2021,WKH,3361,"Cucumbers, Slicing",30,2000,0,,
8/9/2021,CBS,3361,"Cucumbers, Slicing",30,2000,0,True,True
8/9/2021,AFC,3184,"Squash, Summer, Zucchini",6,2000,6,True,True
8/9/2021,AFC,3184,"Squash, Summer, Zucchini",15,2000,7,True,True
8/9/2021,D2D,3184,"Squash, Summer, Zucchini",15,2000,10,True,True
8/9/2021,D2D,3184,"Squash, Summer, Zucchini",30,2000,0,True,True
9/13/2021,LXF,3759,"Onions, Bulb",20,4000,20,,
9/13/2021,SXF,3759,"Onions, Bulb",20,4000,0,False,False
9/13/2021,KLF,3717,"Eggplant, Globe",25,3162,25,,
9/13/2021,WKH,3200,"Tomatoes, Grape, 12 ct Pint",16,3000,16,,
9/13/2021,CHO,3200,"Tomatoes, Grape, 12 ct Pint",18,3000,18,False,True
9/13/2021,CVP,3200,"Tomatoes, Grape, 12 ct Pint",16,3000,0,False,False
9/13/2021,SGC,3759,"Onions, Bulb",20,4000,20,,
9/13/2021,CHO,3200,"Tomatoes, Grape, 12 ct Pint",20,3000,20,False,True
9/13/2021,MLG,3759,"Onions, Bulb",20,4000,20,False,False
9/13/2021,D2D,3200,"Tomatoes, Grape, 12 ct Pint",16,3000,0,True,True
9/13/2021,MKV,3405,Okra,30,5100,30,,
9/13/2021,AFC,3200,"Tomatoes, Grape, 12 ct Pint",10,3000,0,True,True
9/13/2021,MHG,3200,"Tomatoes, Grape, 12 ct Pint",25,3000,0,True,True
9/13/2021,SGC,3828,"Peppers, Green Bell",10,3500,10,,
9/13/2021,YMF,3717,"Eggplant, Globe",25,3162,25,True,False
9/13/2021,CLP,3717,"Eggplant, Globe",50,3162,50,False,True
9/13/2021,CVP,3755,"Carrots, Orange Bulk",30,3162,30,False,False
9/13/2021,HAF,3755,"Carrots, Orange Bulk",12,3162,12,False,True
9/13/2021,CVP,3166,"Potatoes, Red",10,5000,0,False,False
9/13/2021,CLP,3828,"Peppers, Green Bell",10,3500,10,False,True
9/13/2021,SGC,3153,"Peppers, Jalapeño",20,2550,20,,
9/13/2021,SGC,3153,"Peppers, Jalapeño",10,2550,10,,
9/13/2021,LXF,3755,"Carrots, Orange Bulk",36,3162,36,,
9/13/2021,NTN,3828,"Peppers, Green Bell",20,3500,20,False,False
9/13/2021,PLT,3153,"Peppers, Jalapeño",8,2550,8,False,False
9/13/2021,MHG,3153,"Peppers, Jalapeño",8,2550,8,True,True
9/13/2021,MLG,3828,"Peppers, Green Bell",20,3500,20,False,False
9/13/2021,CBS,3153,"Peppers, Jalapeño",20,2550,20,True,True
9/13/2021,D2D,3755,"Carrots, Orange Bulk",30,3162,0,True,True
9/13/2021,SGC,3828,"Peppers, Green Bell",10,3500,10,,
9/13/2021,PLT,3458,"Peppers, Habanero",25,3500,25,False,False
9/13/2021,MKV,3458,"Peppers, Habanero",25,3500,25,,
9/13/2021,CHO,3458,"Peppers, Habanero",8,3500,8,False,True
9/13/2021,NTN,3755,"Carrots, Orange Bulk",30,3162,30,False,False
9/13/2021,HAF,3458,"Peppers, Habanero",8,3500,8,False,True
9/13/2021,YMF,3755,"Carrots, Orange Bulk",15,3162,15,True,False
9/13/2021,SGC,3828,"Peppers, Green Bell",10,3500,10,,
9/13/2021,RSV,3755,"Carrots, Orange Bulk",15,3162,15,False,False
9/13/2021,CHO,3828,"Peppers, Green Bell",20,3500,20,False,True
9/13/2021,MKV,3166,"Potatoes, Red",10,5000,10,,
9/13/2021,LXF,3166,"Potatoes, Red",10,5000,10,,
9/13/2021,PBY,3166,"Potatoes, Red",10,5000,0,False,False
9/13/2021,SGC,3807,Cauliflower,25,2300,8,,
9/13/2021,D2D,3138,"Greens, Collard-24 ct",10,3600,10,True,True
9/13/2021,AFC,3138,"Greens, Collard-24 ct",5,3600,5,True,True
9/13/2021,SGC,3201,"Tomatoes, Roma",20,3500,20,,
9/13/2021,PLT,3138,"Greens, Collard-24 ct",10,3600,0,False,False
9/13/2021,AFC,3201,"Tomatoes, Roma",6,3500,6,True,True
9/13/2021,YMF,3759,"Onions, Bulb",20,4000,20,True,False
9/13/2021,MLP,3138,"Greens, Collard-24 ct",10,3600,10,,
9/13/2021,MLG,3138,"Greens, Collard-24 ct",10,3600,10,False,False
9/13/2021,HAF,3138,"Greens, Collard-24 ct",8,3600,8,False,True
9/13/2021,PBY,3592,Broccoli,42,3145,0,False,False
9/13/2021,YMF,3807,Cauliflower,25,2300,0,True,False
9/13/2021,CBS,3201,"Tomatoes, Roma",20,3500,20,True,True
9/13/2021,CBS,3201,"Tomatoes, Roma",20,3500,20,True,True
9/13/2021,DTF,3807,Cauliflower,50,2300,0,False,True
9/13/2021,DTF,3202,"Tomatoes, Slicing",53,4000,53,False,True
9/13/2021,KHF,3202,"Tomatoes, Slicing",13,4000,13,False,False
9/13/2021,KSL,3138,"Greens, Collard-24 ct",10,3600,10,False,False
9/20/2021,SGC,3189,"Squash, Winter, Delicata",25,3500,25,,
9/20/2021,PBY,3202,"Tomatoes, Slicing",12,4000,12,False,False
9/20/2021,MLP,3202,"Tomatoes, Slicing",12,4000,12,,
9/20/2021,SGC,3189,"Squash, Winter, Delicata",25,3500,25,,
9/20/2021,CBS,3201,"Tomatoes, Roma",20,3500,20,True,True
9/20/2021,SGC,3201,"Tomatoes, Roma",20,3500,20,,
9/20/2021,SEE,3189,"Squash, Winter, Delicata",52,3500,52,True,True
9/20/2021,YMF,3189,"Squash, Winter, Delicata",25,3500,16,True,False
9/20/2021,AFC,3201,"Tomatoes, Roma",6,3500,6,True,True
9/20/2021,KSL,3202,"Tomatoes, Slicing",12,4000,12,False,False
9/20/2021,CHO,3202,"Tomatoes, Slicing",9,4000,9,False,True
9/20/2021,CBS,3201,"Tomatoes, Roma",20,3500,0,True,True
9/20/2021,SGC,3189,"Squash, Winter, Delicata",25,3500,6,,
9/20/2021,KHF,3202,"Tomatoes, Slicing",13,4000,13,False,False
9/20/2021,DTF,3202,"Tomatoes, Slicing",53,4000,53,False,True
9/20/2021,MLG,3828,"Peppers, Green Bell",20,3500,20,False,False
9/20/2021,SGC,3828,"Peppers, Green Bell",10,3500,10,,
9/20/2021,NTN,3828,"Peppers, Green Bell",20,3500,20,False,False
9/20/2021,CLP,3828,"Peppers, Green Bell",10,3500,10,False,True
9/20/2021,CHO,3828,"Peppers, Green Bell",20,3500,4,False,True
9/20/2021,D2D,3813,"Greens, Kale-24 ct",10,3600,10,True,True
9/20/2021,WKH,3759,"Onions, Bulb",20,4000,20,,
9/20/2021,LXF,3132,"Carrots, Rainbow Bulk",24,3162,0,,
9/20/2021,SGC,3828,"Peppers, Green Bell",10,3500,10,,
9/20/2021,SGC,3759,"Onions, Bulb",20,4000,20,,
9/20/2021,SGC,3759,"Onions, Bulb",20,4000,20,,
9/20/2021,WKH,3132,"Carrots, Rainbow Bulk",12,3162,0,,
9/20/2021,PBY,3759,"Onions, Bulb",20,4000,0,False,False
9/20/2021,NTN,3807,Cauliflower,23,2300,0,False,False
9/20/2021,MKV,3759,"Onions, Bulb",20,4000,10,,
9/20/2021,PLT,3364,"Greens, Mustard-24 ct",10,3600,0,False,False
9/20/2021,MKV,3405,Okra,30,5100,19,,
9/20/2021,LXF,3132,"Carrots, Rainbow Bulk",40,3162,0,,
9/20/2021,SGC,3828,"Peppers, Green Bell",10,3500,10,,
9/20/2021,NTN,3171,"Potatoes, Yellow",10,5000,10,False,False
9/20/2021,CHO,3813,"Greens, Kale-24 ct",10,3600,0,False,True
9/20/2021,MKV,3171,"Potatoes, Yellow",10,5000,8,,
9/20/2021,NTN,3813,"Greens, Kale-24 ct",10,3600,10,False,False
9/20/2021,PLT,3813,"Greens, Kale-24 ct",10,3600,10,False,False
9/20/2021,KLF,3364,"Greens, Mustard-24 ct",10,3600,10,,
9/20/2021,LXF,3171,"Potatoes, Yellow",10,5000,10,,
9/20/2021,CLP,3813,"Greens, Kale-24 ct",10,3600,10,False,True
9/20/2021,CVP,3171,"Potatoes, Yellow",10,5000,0,False,False
9/20/2021,CHO,3364,"Greens, Mustard-24 ct",5,3600,0,False,True
9/27/2021,MKV,3166,"Potatoes, Red",10,5000,0,,
9/27/2021,PBY,3166,"Potatoes, Red",10,5000,0,False,False
9/27/2021,AFC,3201,"Tomatoes, Roma",6,3500,0,True,True
9/27/2021,MLP,3592,Broccoli,20,3145,16,,
9/27/2021,LXF,3166,"Potatoes, Red",10,5000,10,,
9/27/2021,SGC,3201,"Tomatoes, Roma",20,3500,20,,
9/27/2021,SGC,3807,Cauliflower,25,2300,5,,
9/27/2021,DTF,3807,Cauliflower,50,2300,0,False,True
9/27/2021,CVP,3166,"Potatoes, Red",10,5000,0,False,False
9/27/2021,CBS,3404,Tomatillos,66,2800,0,True,True
9/27/2021,CBS,3201,"Tomatoes, Roma",20,3500,20,True,True
9/27/2021,HAF,3266,"Onions, Green or Scallions-24 ct",10,2880,10,False,True
9/27/2021,WKH,3592,Broccoli,10,3145,0,,
9/27/2021,SGC,3592,Broccoli,10,3145,0,,
9/27/2021,CBS,3201,"Tomatoes, Roma",20,3500,0,True,True
9/27/2021,YMF,3807,Cauliflower,25,2300,0,True,False
9/27/2021,PBY,3592,Broccoli,30,3145,0,False,False
9/27/2021,PBY,3592,Broccoli,42,3145,0,False,False
9/27/2021,KSL,3592,Broccoli,20,3145,18,False,False
9/27/2021,NTN,3592,Broccoli,30,3145,30,False,False
9/27/2021,YMF,3592,Broccoli,30,3145,15,True,False
9/6/2021,CLP,3813,"Greens, Kale-24 ct",8,3600,8,False,True
9/6/2021,AFC,3813,"Greens, Kale-24 ct",8,3600,8,True,True
9/6/2021,NTN,3171,"Potatoes, Yellow",10,5000,10,False,False
9/6/2021,CHO,3202,"Tomatoes, Slicing",6,4000,6,False,True
9/6/2021,SGC,3201,"Tomatoes, Roma",20,3500,0,,
9/6/2021,KSL,3202,"Tomatoes, Slicing",10,4000,10,False,False
9/6/2021,KHF,3202,"Tomatoes, Slicing",13,4000,0,False,False
9/6/2021,MLG,3401,"Beans, Green, Yellow or Purple",15,6250,15,False,False
9/6/2021,MLP,3202,"Tomatoes, Slicing",10,4000,10,,
9/6/2021,PBY,3401,"Beans, Green, Yellow or Purple",15,6250,15,False,False
9/6/2021,D2D,3401,"Beans, Green, Yellow or Purple",15,6250,15,True,True
9/6/2021,PBY,3202,"Tomatoes, Slicing",10,4000,10,False,False
9/6/2021,D2D,3401,"Beans, Green, Yellow or Purple",18,6250,0,True,True
9/6/2021,CLP,3401,"Beans, Green, Yellow or Purple",5,6250,5,False,True
9/6/2021,HAF,3401,"Beans, Green, Yellow or Purple",10,6250,10,False,True
9/6/2021,DTF,3202,"Tomatoes, Slicing",53,4000,18,False,True
9/6/2021,HAF,3813,"Greens, Kale-24 ct",8,3600,8,False,True
9/6/2021,CBS,3201,"Tomatoes, Roma",20,3500,0,True,True
9/6/2021,D2D,3200,"Tomatoes, Grape, 12 ct Pint",16,3000,11,True,True
9/6/2021,D2D,3813,"Greens, Kale-24 ct",8,3600,0,True,True
9/6/2021,MLG,3828,"Peppers, Green Bell",20,3500,0,False,False
9/6/2021,SGC,3828,"Peppers, Green Bell",10,3500,0,,
9/6/2021,SGC,3828,"Peppers, Green Bell",10,3500,0,,
9/6/2021,SGC,3828,"Peppers, Green Bell",10,3500,0,,
9/6/2021,HAF,3458,"Peppers, Habanero",8,3500,0,False,True
9/6/2021,CHO,3458,"Peppers, Habanero",8,3500,0,False,True
9/6/2021,MKV,3458,"Peppers, Habanero",25,3500,0,,
9/6/2021,NTN,3828,"Peppers, Green Bell",20,3500,0,False,False
9/6/2021,PLT,3458,"Peppers, Habanero",25,3500,0,False,False
9/6/2021,MHG,3153,"Peppers, Jalapeño",8,2550,8,True,True
9/6/2021,PLT,3153,"Peppers, Jalapeño",8,2550,0,False,False
9/6/2021,SGC,3153,"Peppers, Jalapeño",10,2550,0,,
9/6/2021,SGC,3153,"Peppers, Jalapeño",20,2550,0,,
9/6/2021,CVP,3171,"Potatoes, Yellow",10,5000,0,False,False
9/6/2021,LXF,3171,"Potatoes, Yellow",10,5000,10,,
9/6/2021,MKV,3171,"Potatoes, Yellow",10,5000,10,,
9/6/2021,CBS,3153,"Peppers, Jalapeño",20,2550,14,True,True
9/6/2021,CBS,3201,"Tomatoes, Roma",20,3500,0,True,True
9/6/2021,CLP,3828,"Peppers, Green Bell",10,3500,0,False,True
9/6/2021,WKH,3759,"Onions, Bulb",20,4000,20,,
9/6/2021,PLT,3813,"Greens, Kale-24 ct",6,3600,6,False,False
9/6/2021,CHO,3364,"Greens, Mustard-24 ct",5,3600,0,False,True
9/6/2021,AFC,3201,"Tomatoes, Roma",6,3500,0,True,True
9/6/2021,KLF,3364,"Greens, Mustard-24 ct",10,3600,10,,
9/6/2021,WKH,3200,"Tomatoes, Grape, 12 ct Pint",16,3000,0,,
9/6/2021,PLT,3364,"Greens, Mustard-24 ct",10,3600,0,False,False
9/6/2021,SGC,3089,"Melon, Watermelon",46,3800,0,,
9/6/2021,CHO,3828,"Peppers, Green Bell",20,3500,0,False,True
9/6/2021,MKV,3405,Okra,30,5100,30,,
9/6/2021,MKV,3759,"Onions, Bulb",20,4000,20,,
9/6/2021,PBY,3759,"Onions, Bulb",13,4000,13,False,False
9/6/2021,PBY,3759,"Onions, Bulb",20,4000,5,False,False
9/6/2021,CHO,3200,"Tomatoes, Grape, 12 ct Pint",18,3000,18,False,True
9/6/2021,SGC,3759,"Onions, Bulb",20,4000,6,,
9/6/2021,SGC,3759,"Onions, Bulb",20,4000,0,,
9/6/2021,CVP,3200,"Tomatoes, Grape, 12 ct Pint",16,3000,0,False,False
9/6/2021,MKV,3759,"Onions, Bulb",10,4000,0,,
9/6/2021,CVP,3401,"Beans, Green, Yellow or Purple",18,6250,0,False,False
